Workbook

Sheet BAGACEIRAS
A1: PV | B1: Item | C1: OS/Peças | D1: Seq. | E1: Cliente | F1: Descrição | G1: Qtde. | H1: Prazo Fundido | I1: Pz Fundido Real | J1: Prazo Entrega | K1: Pz Entrega Real | L1: Dias Falta2 | M1: Indicador | N1: CONDIÇÃO | O1: Desenho Previsão | P1: Des. | Q1: OP1 | R1: OP2 | S1: OP3 | T1: OP4 | U1: OP5 | V1: OP6 | W1: OP7 | X1: Status Us. | Y1: Obs. | Z1: Plainar Facear | AA1: Serrar2 | AB1: Solda Dura2 | AC1: Encaixe / Furação | AD1: Acabam./ Inspeção
A2: 2199 | B2: 1 | C2: 956055 | D2: 1 | E2: Raizen Bonfim | F2: BAGACEIRA 78" | G2: 1 | H2: 46178 | I2: 46175 | J2: 46213 | K2: 46199 | L2: =Tabela1[[#This Row],[Prazo Entrega]]-TODAY() -> -17 | M2: =IF(L2<0,"ATRASADO",IF(L2<=15,"ATENÇÃO","NO PRAZO")) -> ATRASADO | N2: c/ usinagem | O2: OK | P2: OK | Q2: Perfil | R2: Serrar | S2: Encaixe | T2: Fur | U2: Acab | V2: Lib | X2: EXPEDIDO | Z2: 24 | AA2: =Tabela1[[#This Row],[Plainar Facear]]+1 -> 25 | AB2: n/a | AC2: =Tabela1[[#This Row],[Serrar2]]+1 -> 26 | AD2: =Tabela1[[#This Row],[Encaixe / Furação]]+1 -> 27
A3: 2199 | B3: 2 | C3: 956056 | D3: 1 | E3: Raizen Bonfim | F3: BAGACEIRA 78" | G3: 1 | H3: 46178 | I3: 46192 | J3: 46241 | L3: =Tabela1[[#This Row],[Prazo Entrega]]-TODAY() -> 11 | M3: =IF(L3<0,"ATRASADO",IF(L3<=15,"ATENÇÃO","NO PRAZO")) -> ATENÇÃO | N3: c/ usinagem | O3: OK | P3: OK | Q3: Perfil | R3: Serrar | S3: Encaixe | T3: Fur | U3: Acab | V3: Insp. | X3: EM INSPEÇÃO | Y3: RECUPERANDO | Z3: 24 | AA3: =Tabela1[[#This Row],[Plainar Facear]]+1 -> 25 | AB3: n/a | AC3: =Tabela1[[#This Row],[Serrar2]]+1 -> 26 | AD3: =Tabela1[[#This Row],[Encaixe / Furação]]+1 -> 27
A4: 2199 | B4: 3 | C4: 956057 | D4: 1 | E4: Raizen Bonfim | F4: BAGACEIRA 78" | G4: 1 | H4: 46178 | I4: 46192 | J4: 46241 | L4: =Tabela1[[#This Row],[Prazo Entrega]]-TODAY() -> 11 | M4: =IF(L4<0,"ATRASADO",IF(L4<=15,"ATENÇÃO","NO PRAZO")) -> ATENÇÃO | N4: c/ usinagem | O4: OK | P4: OK | Q4: Perfil | R4: Serrar | S4: Encaixe | T4: Fur | U4: Acab | V4: Insp. | X4: EM INSPEÇÃO | Y4: RECUPERANDO | Z4: 24 | AA4: =Tabela1[[#This Row],[Plainar Facear]]+1 -> 25 | AB4: n/a | AC4: =Tabela1[[#This Row],[Serrar2]]+1 -> 26 | AD4: =Tabela1[[#This Row],[Encaixe / Furação]]+1 -> 27
A5: 2199 | B5: 4 | C5: 956058 | D5: 1 | E5: Raizen Bonfim | F5: BAGACEIRA 78" | G5: 1 | H5: 46178 | I5: 46192 | J5: 46220 | K5: 46220 | L5: =Tabela1[[#This Row],[Prazo Entrega]]-TODAY() -> -10 | M5: =IF(L5<0,"ATRASADO",IF(L5<=15,"ATENÇÃO","NO PRAZO")) -> ATRASADO | N5: c/ usinagem | O5: OK | P5: OK | Q5: Perfil | R5: Serrar | S5: Encaixe | T5: Fur | U5: Acab | V5: Insp. | X5: EXPEDIDO | Z5: 24 | AA5: =Tabela1[[#This Row],[Plainar Facear]]+1 -> 25 | AB5: n/a | AC5: =Tabela1[[#This Row],[Serrar2]]+1 -> 26 | AD5: =Tabela1[[#This Row],[Encaixe / Furação]]+1 -> 27
A6: 2199 | B6: 5 | C6: 956059 | D6: 1 | E6: Raizen Bonfim | F6: BAGACEIRA 78" | G6: 1 | H6: 46178 | I6: 46192 | J6: 46220 | K6: 46220 | L6: =Tabela1[[#This Row],[Prazo Entrega]]-TODAY() -> -10 | M6: =IF(L6<0,"ATRASADO",IF(L6<=15,"ATENÇÃO","NO PRAZO")) -> ATRASADO | N6: c/ usinagem | O6: OK | P6: OK | Q6: Perfil | R6: Serrar | S6: Encaixe | T6: Fur | U6: Acab | V6: Insp. | X6: EXPEDIDO | Y6: RNC 13891 - EXCESSO DE SOBREMETAL | Z6: 24 | AA6: =Tabela1[[#This Row],[Plainar Facear]]+1 -> 25 | AB6: n/a | AC6: =Tabela1[[#This Row],[Serrar2]]+1 -> 26 | AD6: =Tabela1[[#This Row],[Encaixe / Furação]]+1 -> 27
A7: 2199 | B7: 6 | C7: 956060 | D7: 1 | E7: Raizen Bonfim | F7: BAGACEIRA 78" | G7: 1 | H7: 46178 | I7: 46188 | J7: 46220 | K7: 46220 | L7: =Tabela1[[#This Row],[Prazo Entrega]]-TODAY() -> -10 | M7: =IF(L7<0,"ATRASADO",IF(L7<=15,"ATENÇÃO","NO PRAZO")) -> ATRASADO | N7: c/ usinagem | O7: OK | P7: OK | Q7: Perfil | R7: Serrar | S7: Encaixe | T7: Fur | U7: Acab | V7: Insp. | X7: EXPEDIDO | Z7: 24 | AA7: =Tabela1[[#This Row],[Plainar Facear]]+1 -> 25 | AB7: n/a | AC7: =Tabela1[[#This Row],[Serrar2]]+1 -> 26 | AD7: =Tabela1[[#This Row],[Encaixe / Furação]]+1 -> 27
A8: 2199 | B8: 7 | C8: 956061 | D8: 1 | E8: Raizen Bonfim | F8: BAGACEIRA 78" | G8: 1 | H8: 46178 | I8: 46171 | J8: 46213 | K8: 46199 | L8: =Tabela1[[#This Row],[Prazo Entrega]]-TODAY() -> -17 | M8: =IF(L8<0,"ATRASADO",IF(L8<=15,"ATENÇÃO","NO PRAZO")) -> ATRASADO | N8: c/ usinagem | O8: OK | P8: OK | Q8: Perfil | R8: Serrar | S8: Encaixe | T8: Fur | U8: Acab | V8: Insp. | X8: EXPEDIDO | Z8: 23 | AA8: =Tabela1[[#This Row],[Plainar Facear]]+1 -> 24 | AB8: n/a | AC8: =Tabela1[[#This Row],[Serrar2]]+1 -> 25 | AD8: =Tabela1[[#This Row],[Encaixe / Furação]]+1 -> 26
A9: 2199 | B9: 8 | C9: 956062 | D9: 1 | E9: Raizen Bonfim | F9: BAGACEIRA 78" | G9: 1 | H9: 46178 | I9: 46171 | J9: 46213 | K9: 46199 | L9: =Tabela1[[#This Row],[Prazo Entrega]]-TODAY() -> -17 | M9: =IF(L9<0,"ATRASADO",IF(L9<=15,"ATENÇÃO","NO PRAZO")) -> ATRASADO | N9: c/ usinagem | O9: OK | P9: OK | Q9: Perfil | R9: Serrar | S9: Encaixe | T9: Fur | U9: Acab | V9: Insp. | X9: EXPEDIDO | Z9: 23 | AA9: =Tabela1[[#This Row],[Plainar Facear]]+1 -> 24 | AB9: n/a | AC9: =Tabela1[[#This Row],[Serrar2]]+1 -> 25 | AD9: =Tabela1[[#This Row],[Encaixe / Furação]]+1 -> 26
A10: 2199 | B10: 9 | C10: 956063 | D10: 1 | E10: Raizen Bonfim | F10: BAGACEIRA 78" | G10: 1 | H10: 46178 | I10: 46171 | J10: 46213 | K10: 46199 | L10: =Tabela1[[#This Row],[Prazo Entrega]]-TODAY() -> -17 | M10: =IF(L10<0,"ATRASADO",IF(L10<=15,"ATENÇÃO","NO PRAZO")) -> ATRASADO | N10: c/ usinagem | O10: OK | P10: OK | Q10: Perfil | R10: Serrar | S10: Encaixe | T10: Fur | U10: Acab | V10: Insp. | X10: EXPEDIDO | Z10: 23 | AA10: =Tabela1[[#This Row],[Plainar Facear]]+1 -> 24 | AB10: n/a | AC10: =Tabela1[[#This Row],[Serrar2]]+1 -> 25 | AD10: =Tabela1[[#This Row],[Encaixe / Furação]]+1 -> 26
A11: 2199 | B11: 10 | C11: 956064 | D11: 1 | E11: Raizen Bonfim | F11: BAGACEIRA 78" | G11: 1 | H11: 46178 | I11: 46171 | J11: 46213 | K11: 46199 | L11: =Tabela1[[#This Row],[Prazo Entrega]]-TODAY() -> -17 | M11: =IF(L11<0,"ATRASADO",IF(L11<=15,"ATENÇÃO","NO PRAZO")) -> ATRASADO | N11: c/ usinagem | O11: OK | P11: OK | Q11: Perfil | R11: Serrar | S11: Encaixe | T11: Fur | U11: Acab | V11: Insp. | X11: EXPEDIDO | Z11: 23 | AA11: =Tabela1[[#This Row],[Plainar Facear]]+1 -> 24 | AB11: n/a | AC11: =Tabela1[[#This Row],[Serrar2]]+1 -> 25 | AD11: =Tabela1[[#This Row],[Encaixe / Furação]]+1 -> 26
A12: 2201 | B12: 1 | C12: 1148030 | D12: 1 | E12: Raizen Costa Pinto | F12: BAGACEIRA 78" | G12: 1 | H12: 46178 | I12: 46192 | J12: 46220 | K12: 46220 | L12: =Tabela1[[#This Row],[Prazo Entrega]]-TODAY() -> -10 | M12: =IF(L12<0,"ATRASADO",IF(L12<=15,"ATENÇÃO","NO PRAZO")) -> ATRASADO | N12: c/ usinagem | O12: OK | P12: OK | Q12: Perfil | R12: Serrar | S12: Encaixe | T12: Fur | U12: Acab | V12: Insp. | X12: EXPEDIDO | Z12: 26 | AA12: =Tabela1[[#This Row],[Plainar Facear]]+1 -> 27 | AB12: n/a | AC12: =Tabela1[[#This Row],[Serrar2]]+1 -> 28 | AD12: =Tabela1[[#This Row],[Encaixe / Furação]]+1 -> 29
A13: 2201 | B13: 2 | C13: 1148031 | D13: 1 | E13: Raizen Costa Pinto | F13: BAGACEIRA 78" | G13: 1 | H13: 46178 | I13: 46192 | J13: 46220 | K13: 46220 | L13: =Tabela1[[#This Row],[Prazo Entrega]]-TODAY() -> -10 | M13: =IF(L13<0,"ATRASADO",IF(L13<=15,"ATENÇÃO","NO PRAZO")) -> ATRASADO | N13: c/ usinagem | O13: OK | P13: OK | Q13: Perfil | R13: Serrar | S13: Encaixe | T13: Fur | U13: Acab | V13: Insp. | X13: EXPEDIDO | Z13: 26 | AA13: =Tabela1[[#This Row],[Plainar Facear]]+1 -> 27 | AB13: n/a | AC13: =Tabela1[[#This Row],[Serrar2]]+1 -> 28 | AD13: =Tabela1[[#This Row],[Encaixe / Furação]]+1 -> 29
A14: 2201 | B14: 3 | C14: 1148032 | D14: 1 | E14: Raizen Costa Pinto | F14: BAGACEIRA 78" | G14: 1 | H14: 46178 | I14: 46189 | J14: 46220 | K14: 46220 | L14: =Tabela1[[#This Row],[Prazo Entrega]]-TODAY() -> -10 | M14: =IF(L14<0,"ATRASADO",IF(L14<=15,"ATENÇÃO","NO PRAZO")) -> ATRASADO | N14: c/ usinagem | O14: OK | P14: OK | Q14: Perfil | R14: Serrar | S14: Encaixe | T14: Fur | U14: Acab | V14: Insp. | X14: EXPEDIDO | Z14: 26 | AA14: =Tabela1[[#This Row],[Plainar Facear]]+1 -> 27 | AB14: n/a | AC14: =Tabela1[[#This Row],[Serrar2]]+1 -> 28 | AD14: =Tabela1[[#This Row],[Encaixe / Furação]]+1 -> 29
A15: 2199 | B15: 11 | C15: 956065 | D15: 1 | E15: Raizen Bonfim | F15: BAGACEIRA 78" | G15: 1 | H15: 46178 | I15: 46175 | J15: 46227 | K15: 46227 | L15: =Tabela1[[#This Row],[Prazo Entrega]]-TODAY() -> -3 | M15: =IF(L15<0,"ATRASADO",IF(L15<=15,"ATENÇÃO","NO PRAZO")) -> ATRASADO | N15: c/ usinagem | O15: OK | P15: OK | Q15: Perfil | R15: Serrar | S15: Encaixe | T15: Fur | U15: Acab | V15: Insp. | X15: EXPEDIDO | Y15: PARALISADO PARA SERRAR DENTES. LIBERADO SERRAR DIA 07/07/2026 NECESSARIO REUSINAR PERFIL | Z15: 26 | AA15: =Tabela1[[#This Row],[Plainar Facear]]+1 -> 27 | AB15: n/a | AC15: =Tabela1[[#This Row],[Serrar2]]+1 -> 28 | AD15: =Tabela1[[#This Row],[Encaixe / Furação]]+1 -> 29
A16: 2199 | B16: 12 | C16: 956066 | D16: 1 | E16: Raizen Bonfim | F16: BAGACEIRA 78" | G16: 1 | H16: 46178 | I16: 46175 | J16: 46220 | K16: 46220 | L16: =Tabela1[[#This Row],[Prazo Entrega]]-TODAY() -> -10 | M16: =IF(L16<0,"ATRASADO",IF(L16<=15,"ATENÇÃO","NO PRAZO")) -> ATRASADO | N16: c/ usinagem | O16: OK | P16: OK | Q16: Perfil | R16: Serrar | S16: Encaixe | T16: Fur | U16: Acab | V16: Insp. | X16: EXPEDIDO | Z16: 26 | AA16: =Tabela1[[#This Row],[Plainar Facear]]+1 -> 27 | AB16: n/a | AC16: =Tabela1[[#This Row],[Serrar2]]+1 -> 28 | AD16: =Tabela1[[#This Row],[Encaixe / Furação]]+1 -> 29
A17: 2201 | B17: 4 | C17: 1148033 | D17: 1 | E17: Raizen Costa Pinto | F17: BAGACEIRA 78" | G17: 1 | H17: 46185 | I17: 46175 | J17: 46213 | K17: 46199 | L17: =Tabela1[[#This Row],[Prazo Entrega]]-TODAY() -> -17 | M17: =IF(L17<0,"ATRASADO",IF(L17<=15,"ATENÇÃO","NO PRAZO")) -> ATRASADO | N17: c/ usinagem | O17: OK | P17: OK | Q17: Perfil | R17: Serrar | S17: Encaixe | T17: Fur | U17: Acab | V17: Insp. | X17: EXPEDIDO | Z17: 26 | AA17: =Tabela1[[#This Row],[Plainar Facear]]+1 -> 27 | AB17: n/a | AC17: =Tabela1[[#This Row],[Serrar2]]+1 -> 28 | AD17: =Tabela1[[#This Row],[Encaixe / Furação]]+1 -> 29
A18: 2201 | B18: 5 | C18: 1148034 | D18: 1 | E18: Raizen Costa Pinto | F18: BAGACEIRA 78" | G18: 1 | H18: 46185 | I18: 46175 | J18: 46213 | K18: 46199 | L18: =Tabela1[[#This Row],[Prazo Entrega]]-TODAY() -> -17 | M18: =IF(L18<0,"ATRASADO",IF(L18<=15,"ATENÇÃO","NO PRAZO")) -> ATRASADO | N18: c/ usinagem | O18: OK | P18: OK | Q18: Perfil | R18: Serrar | S18: Encaixe | T18: Fur | U18: Acab | V18: Insp. | X18: EXPEDIDO | Z18: 26 | AA18: =Tabela1[[#This Row],[Plainar Facear]]+1 -> 27 | AB18: n/a | AC18: =Tabela1[[#This Row],[Serrar2]]+1 -> 28 | AD18: =Tabela1[[#This Row],[Encaixe / Furação]]+1 -> 29
A19: 2201 | B19: 6 | C19: 1148035 | D19: 1 | E19: Raizen Costa Pinto | F19: BAGACEIRA 78" | G19: 1 | H19: 46185 | I19: 46175 | J19: 46213 | K19: 46199 | L19: =Tabela1[[#This Row],[Prazo Entrega]]-TODAY() -> -17 | M19: =IF(L19<0,"ATRASADO",IF(L19<=15,"ATENÇÃO","NO PRAZO")) -> ATRASADO | N19: c/ usinagem | O19: OK | P19: OK | Q19: Perfil | R19: Serrar | S19: Encaixe | T19: Fur | U19: Acab | V19: Insp. | X19: EXPEDIDO | Z19: 26 | AA19: =Tabela1[[#This Row],[Plainar Facear]]+1 -> 27 | AB19: n/a | AC19: =Tabela1[[#This Row],[Serrar2]]+1 -> 28 | AD19: =Tabela1[[#This Row],[Encaixe / Furação]]+1 -> 29
A20: 2201 | B20: 7 | C20: 1148036 | D20: 1 | E20: Raizen Costa Pinto | F20: BAGACEIRA 78" | G20: 1 | H20: 46185 | I20: 46206 | J20: 46220 | K20: 46220 | L20: =Tabela1[[#This Row],[Prazo Entrega]]-TODAY() -> -10 | M20: =IF(L20<0,"ATRASADO",IF(L20<=15,"ATENÇÃO","NO PRAZO")) -> ATRASADO | N20: c/ usinagem | O20: OK | P20: OK | Q20: Perfil | R20: Serrar | S20: Encaixe | T20: Fur | U20: Acab | V20: Insp. | X20: AG. COLETAR | Z20: 26 | AA20: =Tabela1[[#This Row],[Plainar Facear]]+1 -> 27 | AB20: n/a | AC20: =Tabela1[[#This Row],[Serrar2]]+1 -> 28 | AD20: =Tabela1[[#This Row],[Encaixe / Furação]]+1 -> 29
A21: 2201 | B21: 8 | C21: 1148037 | D21: 1 | E21: Raizen Costa Pinto | F21: BAGACEIRA 78" | G21: 1 | H21: 46185 | I21: 46206 | J21: 46227 | K21: 46227 | L21: =Tabela1[[#This Row],[Prazo Entrega]]-TODAY() -> -3 | M21: =IF(L21<0,"ATRASADO",IF(L21<=15,"ATENÇÃO","NO PRAZO")) -> ATRASADO | N21: c/ usinagem | O21: OK | P21: OK | Q21: Perfil | R21: Serrar | S21: Encaixe | T21: Fur | U21: Acab | V21: Insp. | X21: EXPEDIDO | Z21: 26 | AA21: =Tabela1[[#This Row],[Plainar Facear]]+1 -> 27 | AB21: n/a | AC21: =Tabela1[[#This Row],[Serrar2]]+1 -> 28 | AD21: =Tabela1[[#This Row],[Encaixe / Furação]]+1 -> 29
A22: 2203 | B22: 1 | C22: 958022 | D22: 1 | E22: Raizen Ipaussu | F22: BAGACEIRA 78" | G22: 1 | H22: 46185 | I22: 46189 | J22: 46227 | L22: =Tabela1[[#This Row],[Prazo Entrega]]-TODAY() -> -3 | M22: =IF(L22<0,"ATRASADO",IF(L22<=15,"ATENÇÃO","NO PRAZO")) -> ATRASADO | N22: c/ usinagem | O22: OK | P22: OK | Q22: Perfil | R22: Serrar | S22: Encaixe | T22: Fur | U22: Acab | V22: Lib | X22: =IF(I22="","AG. FUNDIDO",IF(Q22="AG","AG. USINAGEM","EM USINAGEM")) -> EM USINAGEM | Z22: 25 | AA22: =Tabela1[[#This Row],[Plainar Facear]]+1 -> 26 | AB22: n/a | AC22: =Tabela1[[#This Row],[Serrar2]]+1 -> 27 | AD22: =Tabela1[[#This Row],[Encaixe / Furação]]+1 -> 28
A23: 2203 | B23: 2 | C23: 958023 | D23: 1 | E23: Raizen Ipaussu | F23: BAGACEIRA 78" | G23: 1 | H23: 46185 | I23: 46190 | J23: 46227 | L23: =Tabela1[[#This Row],[Prazo Entrega]]-TODAY() -> -3 | M23: =IF(L23<0,"ATRASADO",IF(L23<=15,"ATENÇÃO","NO PRAZO")) -> ATRASADO | N23: c/ usinagem | O23: OK | P23: OK | Q23: Perfil | R23: Serrar | S23: Encaixe | T23: Fur | U23: Acab | V23: Lib | X23: =IF(I23="","AG. FUNDIDO",IF(Q23="AG","AG. USINAGEM","EM USINAGEM")) -> EM USINAGEM | Z23: 25 | AA23: =Tabela1[[#This Row],[Plainar Facear]]+1 -> 26 | AB23: n/a | AC23: =Tabela1[[#This Row],[Serrar2]]+1 -> 27 | AD23: =Tabela1[[#This Row],[Encaixe / Furação]]+1 -> 28
A24: 2227 | B24: 14 | C24: 1454055 | D24: 1 | E24: MS Internacional | F24: BAGACEIRA 84" | G24: 1 | H24: 46190 | I24: 46184 | J24: 46210 | K24: 46220 | L24: =Tabela1[[#This Row],[Prazo Entrega]]-TODAY() -> -20 | M24: OK | N24: c/ usinagem | O24: OK | P24: OK | Q24: Perfil | R24: Serrar | S24: Encaixe | T24: Fur | U24: Acab | V24: Lib | X24: EXPEDIDO | Z24: 25 | AA24: =Tabela1[[#This Row],[Plainar Facear]]+1 -> 26 | AB24: n/a | AC24: =Tabela1[[#This Row],[Serrar2]]+1 -> 27 | AD24: =Tabela1[[#This Row],[Encaixe / Furação]]+1 -> 28
A25: 2227 | B25: 15 | C25: 1454055 | D25: 2 | E25: MS Internacional | F25: BAGACEIRA 84" | G25: 1 | H25: 46190 | I25: 46184 | J25: 46210 | K25: 46220 | L25: =Tabela1[[#This Row],[Prazo Entrega]]-TODAY() -> -20 | M25: OK | N25: c/ usinagem | O25: OK | P25: OK | Q25: Perfil | R25: Serrar | S25: Encaixe | T25: Fur | U25: Acab | V25: Lib | X25: EXPEDIDO | Z25: 25 | AA25: =Tabela1[[#This Row],[Plainar Facear]]+1 -> 26 | AB25: n/a | AC25: =Tabela1[[#This Row],[Serrar2]]+1 -> 27 | AD25: =Tabela1[[#This Row],[Encaixe / Furação]]+1 -> 28
A26: 2227 | B26: 17 | C26: 1454056 | D26: 2 | E26: MS Internacional | F26: BAGACEIRA 84" | G26: 1 | H26: 46190 | I26: 46184 | J26: 46210 | K26: 46220 | L26: =Tabela1[[#This Row],[Prazo Entrega]]-TODAY() -> -20 | M26: OK | N26: c/ usinagem | O26: OK | P26: OK | Q26: Perfil | R26: Serrar | S26: Encaixe | T26: Fur | U26: Acab | V26: Lib | X26: EXPEDIDO | Z26: 25 | AA26: =Tabela1[[#This Row],[Plainar Facear]]+1 -> 26 | AB26: n/a | AC26: =Tabela1[[#This Row],[Serrar2]]+1 -> 27 | AD26: =Tabela1[[#This Row],[Encaixe / Furação]]+1 -> 28
A27: 2227 | B27: 18 | C27: 1454056 | D27: 1 | E27: MS Internacional | F27: BAGACEIRA 84" | G27: 1 | H27: 46190 | I27: 46184 | J27: 46210 | K27: 46220 | L27: =Tabela1[[#This Row],[Prazo Entrega]]-TODAY() -> -20 | M27: OK | N27: c/ usinagem | O27: OK | P27: OK | Q27: Perfil | R27: Serrar | S27: Encaixe | T27: Fur | U27: Acab | V27: Lib | X27: EXPEDIDO | Z27: 25 | AA27: =Tabela1[[#This Row],[Plainar Facear]]+1 -> 26 | AB27: n/a | AC27: =Tabela1[[#This Row],[Serrar2]]+1 -> 27 | AD27: =Tabela1[[#This Row],[Encaixe / Furação]]+1 -> 28
A28: 2227 | B28: 19 | C28: 1454057 | D28: 1 | E28: MS Internacional | F28: BAGACEIRA 84" | G28: 1 | H28: 46190 | I28: 46184 | J28: 46210 | K28: 46220 | L28: =Tabela1[[#This Row],[Prazo Entrega]]-TODAY() -> -20 | M28: OK | N28: c/ usinagem | O28: OK | P28: OK | Q28: Perfil | R28: Serrar | S28: Encaixe | T28: Fur | U28: Acab | V28: Lib | X28: EXPEDIDO | Z28: 25 | AA28: =Tabela1[[#This Row],[Plainar Facear]]+1 -> 26 | AB28: n/a | AC28: =Tabela1[[#This Row],[Serrar2]]+1 -> 27 | AD28: =Tabela1[[#This Row],[Encaixe / Furação]]+1 -> 28
A29: 2227 | B29: 20 | C29: 1454057 | D29: 2 | E29: MS Internacional | F29: BAGACEIRA 84" | G29: 1 | H29: 46190 | I29: 46184 | J29: 46210 | K29: 46220 | L29: =Tabela1[[#This Row],[Prazo Entrega]]-TODAY() -> -20 | M29: OK | N29: c/ usinagem | O29: OK | P29: OK | Q29: Perfil | R29: Serrar | S29: Encaixe | T29: Fur | U29: Acab | V29: Lib | X29: EXPEDIDO | Z29: 25 | AA29: =Tabela1[[#This Row],[Plainar Facear]]+1 -> 26 | AB29: n/a | AC29: =Tabela1[[#This Row],[Serrar2]]+1 -> 27 | AD29: =Tabela1[[#This Row],[Encaixe / Furação]]+1 -> 28
A30: 2203 | B30: 3 | C30: 958024 | D30: 1 | E30: Raizen Ipaussu | F30: BAGACEIRA 78" | G30: 1 | H30: 46185 | I30: 46192 | J30: 46227 | L30: =Tabela1[[#This Row],[Prazo Entrega]]-TODAY() -> -3 | M30: =IF(L30<0,"ATRASADO",IF(L30<=15,"ATENÇÃO","NO PRAZO")) -> ATRASADO | N30: c/ usinagem | O30: OK | P30: OK | Q30: Perfil | R30: Serrar | S30: Encaixe | T30: Fur | U30: Acab | V30: Lib | X30: =IF(I30="","AG. FUNDIDO",IF(Q30="AG","AG. USINAGEM","EM USINAGEM")) -> EM USINAGEM | Z30: 27 | AA30: =Tabela1[[#This Row],[Plainar Facear]]+1 -> 28 | AB30: n/a | AC30: =Tabela1[[#This Row],[Serrar2]]+1 -> 29 | AD30: =Tabela1[[#This Row],[Encaixe / Furação]]+1 -> 30
A31: 2202 | B31: 1 | C31: 1256014 | D31: 1 | E31: Raizen Diamante | F31: BAGACEIRA 78" | G31: 1 | H31: 46185 | I31: 46175 | J31: 46213 | K31: 46199 | L31: =Tabela1[[#This Row],[Prazo Entrega]]-TODAY() -> -17 | M31: =IF(L31<0,"ATRASADO",IF(L31<=15,"ATENÇÃO","NO PRAZO")) -> ATRASADO | N31: c/ usinagem | O31: OK | P31: OK | Q31: Perfil | R31: Serrar | S31: Encaixe | T31: Fur | U31: Acab | V31: Insp. | X31: AG. COLETAR | Z31: 27 | AA31: =Tabela1[[#This Row],[Plainar Facear]]+1 -> 28 | AB31: n/a | AC31: =Tabela1[[#This Row],[Serrar2]]+1 -> 29 | AD31: =Tabela1[[#This Row],[Encaixe / Furação]]+1 -> 30
A32: 2202 | B32: 2 | C32: 1256015 | D32: 1 | E32: Raizen Diamante | F32: BAGACEIRA 78" | G32: 1 | H32: 46185 | I32: 46175 | J32: 46220 | K32: 46220 | L32: =Tabela1[[#This Row],[Prazo Entrega]]-TODAY() -> -10 | M32: =IF(L32<0,"ATRASADO",IF(L32<=15,"ATENÇÃO","NO PRAZO")) -> ATRASADO | N32: c/ usinagem | O32: OK | P32: OK | Q32: Perfil | R32: Serrar | S32: Encaixe | T32: Fur | U32: Acab | V32: Insp. | X32: AG. COLETAR | Z32: 27 | AA32: =Tabela1[[#This Row],[Plainar Facear]]+1 -> 28 | AB32: n/a | AC32: =Tabela1[[#This Row],[Serrar2]]+1 -> 29 | AD32: =Tabela1[[#This Row],[Encaixe / Furação]]+1 -> 30
A33: 2202 | B33: 3 | C33: 1256016 | D33: 1 | E33: Raizen Diamante | F33: BAGACEIRA 78" | G33: 1 | H33: 46185 | I33: 46175 | J33: 46227 | K33: 46227 | L33: =Tabela1[[#This Row],[Prazo Entrega]]-TODAY() -> -3 | M33: =IF(L33<0,"ATRASADO",IF(L33<=15,"ATENÇÃO","NO PRAZO")) -> ATRASADO | N33: c/ usinagem | O33: OK | P33: OK | Q33: Perfil | R33: Serrar | S33: Encaixe | T33: Fur | U33: Acab | V33: Insp. | X33: AG. COLETAR | Z33: 27 | AA33: =Tabela1[[#This Row],[Plainar Facear]]+1 -> 28 | AB33: n/a | AC33: =Tabela1[[#This Row],[Serrar2]]+1 -> 29 | AD33: =Tabela1[[#This Row],[Encaixe / Furação]]+1 -> 30
A34: 2202 | B34: 4 | C34: 1256017 | D34: 1 | E34: Raizen Diamante | F34: BAGACEIRA 78" | G34: 1 | H34: 46185 | I34: 46175 | J34: 46220 | K34: 46220 | L34: =Tabela1[[#This Row],[Prazo Entrega]]-TODAY() -> -10 | M34: =IF(L34<0,"ATRASADO",IF(L34<=15,"ATENÇÃO","NO PRAZO")) -> ATRASADO | N34: c/ usinagem | O34: OK | P34: OK | Q34: Perfil | R34: Serrar | S34: Encaixe | T34: Fur | U34: Acab | V34: Insp. | X34: EXPEDIDO | Z34: 27 | AA34: =Tabela1[[#This Row],[Plainar Facear]]+1 -> 28 | AB34: n/a | AC34: =Tabela1[[#This Row],[Serrar2]]+1 -> 29 | AD34: =Tabela1[[#This Row],[Encaixe / Furação]]+1 -> 30
A35: 2202 | B35: 5 | C35: 1256018 | D35: 1 | E35: Raizen Diamante | F35: BAGACEIRA 78" | G35: 1 | H35: 46185 | I35: 46175 | J35: 46227 | K35: 46227 | L35: =Tabela1[[#This Row],[Prazo Entrega]]-TODAY() -> -3 | M35: =IF(L35<0,"ATRASADO",IF(L35<=15,"ATENÇÃO","NO PRAZO")) -> ATRASADO | N35: c/ usinagem | O35: OK | P35: OK | Q35: Perfil | R35: Serrar | S35: Encaixe | T35: Fur | U35: Acab | V35: Insp. | X35: AG. COLETAR | Z35: 27 | AA35: =Tabela1[[#This Row],[Plainar Facear]]+1 -> 28 | AB35: n/a | AC35: =Tabela1[[#This Row],[Serrar2]]+1 -> 29 | AD35: =Tabela1[[#This Row],[Encaixe / Furação]]+1 -> 30
A36: 2201 | B36: 9 | C36: 1148038 | D36: 1 | E36: Raizen Costa Pinto | F36: BAGACEIRA 78" | G36: 1 | H36: 46185 | I36: 46189 | J36: 46220 | K36: 46220 | L36: =Tabela1[[#This Row],[Prazo Entrega]]-TODAY() -> -10 | M36: =IF(L36<0,"ATRASADO",IF(L36<=15,"ATENÇÃO","NO PRAZO")) -> ATRASADO | N36: c/ usinagem | O36: OK | P36: OK | Q36: Perfil | R36: Serrar | S36: Encaixe | T36: Fur | U36: Acab | V36: Insp. | X36: EXPEDIDO | Z36: 27 | AA36: =Tabela1[[#This Row],[Plainar Facear]]+1 -> 28 | AB36: n/a | AC36: =Tabela1[[#This Row],[Serrar2]]+1 -> 29 | AD36: =Tabela1[[#This Row],[Encaixe / Furação]]+1 -> 30
A37: 2201 | B37: 10 | C37: 1148039 | D37: 1 | E37: Raizen Costa Pinto | F37: BAGACEIRA 84" | G37: 1 | H37: 46185 | I37: 46192 | J37: 46227 | L37: =Tabela1[[#This Row],[Prazo Entrega]]-TODAY() -> -3 | M37: =IF(L37<0,"ATRASADO",IF(L37<=15,"ATENÇÃO","NO PRAZO")) -> ATRASADO | N37: c/ usinagem | O37: OK | P37: OK | Q37: Perfil | R37: Serrar | S37: Encaixe | T37: Fur | U37: Acab | V37: Insp. | X37: =IF(I37="","AG. FUNDIDO",IF(Q37="AG","AG. USINAGEM","EM USINAGEM")) -> EM USINAGEM | Y37: RNC 13892 - BAGACEIRA CÓD. 1148039 - REFUGADA POR FALTA DE MATERIAL. | Z37: 27 | AA37: =Tabela1[[#This Row],[Plainar Facear]]+1 -> 28 | AB37: n/a | AC37: =Tabela1[[#This Row],[Serrar2]]+1 -> 29 | AD37: =Tabela1[[#This Row],[Encaixe / Furação]]+1 -> 30
A38: 2205 | B38: 1 | C38: 1483008 | D38: 1 | E38: Raizen Paraiso | F38: BAGACEIRA 78" | G38: 1 | H38: 46192 | I38: 46175 | J38: 46234 | L38: =Tabela1[[#This Row],[Prazo Entrega]]-TODAY() -> 4 | M38: =IF(L38<0,"ATRASADO",IF(L38<=15,"ATENÇÃO","NO PRAZO")) -> ATENÇÃO | N38: c/ usinagem | O38: OK | P38: OK | Q38: Perfil | R38: Serrar | S38: Encaixe | T38: Fur | U38: Acab | V38: Insp. | X38: =IF(I38="","AG. FUNDIDO",IF(Q38="AG","AG. USINAGEM","EM USINAGEM")) -> EM USINAGEM | Z38: 27 | AA38: =Tabela1[[#This Row],[Plainar Facear]]+1 -> 28 | AB38: n/a | AC38: =Tabela1[[#This Row],[Serrar2]]+1 -> 29 | AD38: =Tabela1[[#This Row],[Encaixe / Furação]]+1 -> 30
A39: 2204 | B39: 1 | C39: 1334017 | D39: 1 | E39: Raizen Lagoa da Prata | F39: BAGACEIRA 78" | G39: 1 | H39: 46192 | I39: 46233 | J39: 46234 | L39: =Tabela1[[#This Row],[Prazo Entrega]]-TODAY() -> 4 | M39: =IF(L39<0,"ATRASADO",IF(L39<=15,"ATENÇÃO","NO PRAZO")) -> ATENÇÃO | N39: c/ usinagem | O39: OK | P39: OK | Q39: Perfil | R39: Serrar | S39: Encaixe | T39: Fur | U39: Acab | V39: Insp. | X39: =IF(I39="","AG. FUNDIDO",IF(Q39="AG","AG. USINAGEM","EM USINAGEM")) -> EM USINAGEM | Z39: 27 | AA39: =Tabela1[[#This Row],[Plainar Facear]]+1 -> 28 | AB39: n/a | AC39: =Tabela1[[#This Row],[Serrar2]]+1 -> 29 | AD39: =Tabela1[[#This Row],[Encaixe / Furação]]+1 -> 30
A40: 2204 | B40: 2 | C40: 1334018 | D40: 1 | E40: Raizen Lagoa da Prata | F40: BAGACEIRA 78" | G40: 1 | H40: 46192 | I40: 46217 | J40: 46234 | L40: =Tabela1[[#This Row],[Prazo Entrega]]-TODAY() -> 4 | M40: =IF(L40<0,"ATRASADO",IF(L40<=15,"ATENÇÃO","NO PRAZO")) -> ATENÇÃO | N40: c/ usinagem | O40: OK | P40: OK | Q40: Perfil | R40: Serrar | S40: Encaixe | T40: Fur | U40: Acab | V40: Insp. | X40: =IF(I40="","AG. FUNDIDO",IF(Q40="AG","AG. USINAGEM","EM USINAGEM")) -> EM USINAGEM | Z40: 28 | AA40: =Tabela1[[#This Row],[Plainar Facear]]+1 -> 29 | AB40: n/a | AC40: =Tabela1[[#This Row],[Serrar2]]+1 -> 30 | AD40: =Tabela1[[#This Row],[Encaixe / Furação]]+1 -> 31
A41: 2204 | B41: 3 | C41: 1334019 | D41: 1 | E41: Raizen Lagoa da Prata | F41: BAGACEIRA 78" | G41: 1 | H41: 46192 | I41: 46175 | J41: 46234 | L41: =Tabela1[[#This Row],[Prazo Entrega]]-TODAY() -> 4 | M41: =IF(L41<0,"ATRASADO",IF(L41<=15,"ATENÇÃO","NO PRAZO")) -> ATENÇÃO | N41: c/ usinagem | O41: OK | P41: OK | Q41: Perfil | R41: Serrar | S41: Encaixe | T41: Fur | U41: Acab | V41: Insp. | X41: =IF(I41="","AG. FUNDIDO",IF(Q41="AG","AG. USINAGEM","EM USINAGEM")) -> EM USINAGEM | Z41: 28 | AA41: =Tabela1[[#This Row],[Plainar Facear]]+1 -> 29 | AB41: n/a | AC41: =Tabela1[[#This Row],[Serrar2]]+1 -> 30 | AD41: =Tabela1[[#This Row],[Encaixe / Furação]]+1 -> 31
A42: 2204 | B42: 4 | C42: 1334020 | D42: 1 | E42: Raizen Lagoa da Prata | F42: BAGACEIRA 78" | G42: 1 | H42: 46192 | I42: 46175 | J42: 46234 | L42: =Tabela1[[#This Row],[Prazo Entrega]]-TODAY() -> 4 | M42: =IF(L42<0,"ATRASADO",IF(L42<=15,"ATENÇÃO","NO PRAZO")) -> ATENÇÃO | N42: c/ usinagem | O42: OK | P42: OK | Q42: Perfil | R42: Serrar | S42: Encaixe | T42: Fur | U42: Acab | V42: Insp. | X42: =IF(I42="","AG. FUNDIDO",IF(Q42="AG","AG. USINAGEM","EM USINAGEM")) -> EM USINAGEM | Z42: 28 | AA42: =Tabela1[[#This Row],[Plainar Facear]]+1 -> 29 | AB42: n/a | AC42: =Tabela1[[#This Row],[Serrar2]]+1 -> 30 | AD42: =Tabela1[[#This Row],[Encaixe / Furação]]+1 -> 31
A43: 2204 | B43: 5 | C43: 1334021 | D43: 1 | E43: Raizen Lagoa da Prata | F43: BAGACEIRA 78" | G43: 1 | H43: 46192 | I43: 46192 | J43: 46234 | L43: =Tabela1[[#This Row],[Prazo Entrega]]-TODAY() -> 4 | M43: =IF(L43<0,"ATRASADO",IF(L43<=15,"ATENÇÃO","NO PRAZO")) -> ATENÇÃO | N43: c/ usinagem | O43: OK | P43: OK | Q43: Perfil | R43: Serrar | S43: Encaixe | T43: Fur | U43: Acab | V43: Insp. | X43: =IF(I43="","AG. FUNDIDO",IF(Q43="AG","AG. USINAGEM","EM USINAGEM")) -> EM USINAGEM | Z43: 28 | AA43: =Tabela1[[#This Row],[Plainar Facear]]+1 -> 29 | AB43: n/a | AC43: =Tabela1[[#This Row],[Serrar2]]+1 -> 30 | AD43: =Tabela1[[#This Row],[Encaixe / Furação]]+1 -> 31
A44: 2204 | B44: 6 | C44: 1334022 | D44: 1 | E44: Raizen Lagoa da Prata | F44: BAGACEIRA 90" | G44: 1 | H44: 46192 | I44: 46217 | J44: 46234 | L44: =Tabela1[[#This Row],[Prazo Entrega]]-TODAY() -> 4 | M44: =IF(L44<0,"ATRASADO",IF(L44<=15,"ATENÇÃO","NO PRAZO")) -> ATENÇÃO | N44: c/ usinagem | O44: OK | P44: OK | Q44: Perfil | R44: Serrar | S44: Encaixe | T44: Fur | U44: Acab | V44: Insp. | X44: =IF(I44="","AG. FUNDIDO",IF(Q44="AG","AG. USINAGEM","EM USINAGEM")) -> EM USINAGEM | Z44: 28 | AA44: =Tabela1[[#This Row],[Plainar Facear]]+1 -> 29 | AB44: n/a | AC44: =Tabela1[[#This Row],[Serrar2]]+1 -> 30 | AD44: =Tabela1[[#This Row],[Encaixe / Furação]]+1 -> 31
A45: 2203 | B45: 4 | C45: 958025 | D45: 1 | E45: Raizen Ipaussu | F45: BAGACEIRA 78" | G45: 1 | H45: 46192 | I45: 46188 | J45: 46234 | L45: =Tabela1[[#This Row],[Prazo Entrega]]-TODAY() -> 4 | M45: =IF(L45<0,"ATRASADO",IF(L45<=15,"ATENÇÃO","NO PRAZO")) -> ATENÇÃO | N45: c/ usinagem | O45: OK | P45: OK | Q45: Perfil | R45: Serrar | S45: Encaixe | T45: Fur | U45: Acab | V45: Insp. | X45: =IF(I45="","AG. FUNDIDO",IF(Q45="AG","AG. USINAGEM","EM USINAGEM")) -> EM USINAGEM | Z45: 28 | AA45: =Tabela1[[#This Row],[Plainar Facear]]+1 -> 29 | AB45: n/a | AC45: =Tabela1[[#This Row],[Serrar2]]+1 -> 30 | AD45: =Tabela1[[#This Row],[Encaixe / Furação]]+1 -> 31
A46: 2203 | B46: 5 | C46: 958026 | D46: 1 | E46: Raizen Ipaussu | F46: BAGACEIRA 78" | G46: 1 | H46: 46192 | I46: 46189 | J46: 46234 | L46: =Tabela1[[#This Row],[Prazo Entrega]]-TODAY() -> 4 | M46: =IF(L46<0,"ATRASADO",IF(L46<=15,"ATENÇÃO","NO PRAZO")) -> ATENÇÃO | N46: c/ usinagem | O46: OK | P46: OK | Q46: Perfil | R46: Serrar | S46: Encaixe | T46: Fur | U46: Acab | V46: Insp. | X46: =IF(I46="","AG. FUNDIDO",IF(Q46="AG","AG. USINAGEM","EM USINAGEM")) -> EM USINAGEM | Z46: 28 | AA46: =Tabela1[[#This Row],[Plainar Facear]]+1 -> 29 | AB46: n/a | AC46: =Tabela1[[#This Row],[Serrar2]]+1 -> 30 | AD46: =Tabela1[[#This Row],[Encaixe / Furação]]+1 -> 31
A47: 2203 | B47: 6 | C47: 958027 | D47: 1 | E47: Raizen Ipaussu | F47: BAGACEIRA 87" | G47: 1 | H47: 46192 | I47: 02/26/2026 | J47: 46234 | L47: =Tabela1[[#This Row],[Prazo Entrega]]-TODAY() -> 4 | M47: =IF(L47<0,"ATRASADO",IF(L47<=15,"ATENÇÃO","NO PRAZO")) -> ATENÇÃO | N47: c/ usinagem | O47: OK | P47: OK | Q47: Perfil | R47: Serrar | S47: Encaixe | T47: Fur | U47: Acab | V47: Insp. | X47: =IF(I47="","AG. FUNDIDO",IF(Q47="AG","AG. USINAGEM","EM USINAGEM")) -> EM USINAGEM | Z47: 28 | AA47: =Tabela1[[#This Row],[Plainar Facear]]+1 -> 29 | AB47: n/a | AC47: =Tabela1[[#This Row],[Serrar2]]+1 -> 30 | AD47: =Tabela1[[#This Row],[Encaixe / Furação]]+1 -> 31
A48: 2206 | B48: 1 | C48: 1255019 | D48: 1 | E48: Raizen Rafard | F48: BAGACEIRA 78" | G48: 1 | H48: 46192 | I48: 46206 | J48: 46241 | L48: =Tabela1[[#This Row],[Prazo Entrega]]-TODAY() -> 11 | M48: =IF(L48<0,"ATRASADO",IF(L48<=15,"ATENÇÃO","NO PRAZO")) -> ATENÇÃO | N48: c/ usinagem | O48: OK | P48: OK | Q48: Perfil | R48: Serrar | S48: Encaixe | T48: Fur | U48: Acab | V48: Insp. | X48: =IF(I48="","AG. FUNDIDO",IF(Q48="AG","AG. USINAGEM","EM USINAGEM")) -> EM USINAGEM | Z48: 28 | AA48: =Tabela1[[#This Row],[Plainar Facear]]+1 -> 29 | AB48: n/a | AC48: =Tabela1[[#This Row],[Serrar2]]+1 -> 30 | AD48: 32
A49: 2205 | B49: 2 | C49: 1483009 | D49: 1 | E49: Raizen Paraiso | F49: BAGACEIRA 78" | G49: 1 | H49: 46192 | I49: 46175 | J49: 46227 | L49: =Tabela1[[#This Row],[Prazo Entrega]]-TODAY() -> -3 | M49: =IF(L49<0,"ATRASADO",IF(L49<=15,"ATENÇÃO","NO PRAZO")) -> ATRASADO | N49: c/ usinagem | O49: OK | P49: OK | Q49: Perfil | R49: Serrar | S49: Encaixe | T49: Fur | U49: Acab | V49: Insp. | X49: =IF(I49="","AG. FUNDIDO",IF(Q49="AG","AG. USINAGEM","EM USINAGEM")) -> EM USINAGEM | Z49: 28 | AA49: =Tabela1[[#This Row],[Plainar Facear]]+1 -> 29 | AB49: n/a | AC49: =Tabela1[[#This Row],[Serrar2]]+1 -> 30 | AD49: 32
A50: 2205 | B50: 3 | C50: 1483010 | D50: 1 | E50: Raizen Paraiso | F50: BAGACEIRA 78" | G50: 1 | H50: 46192 | I50: 46175 | J50: 46227 | L50: =Tabela1[[#This Row],[Prazo Entrega]]-TODAY() -> -3 | M50: =IF(L50<0,"ATRASADO",IF(L50<=15,"ATENÇÃO","NO PRAZO")) -> ATRASADO | N50: c/ usinagem | O50: OK | P50: OK | Q50: Perfil | R50: Serrar | S50: Encaixe | T50: Fur | U50: Acab | V50: Insp. | X50: =IF(I50="","AG. FUNDIDO",IF(Q50="AG","AG. USINAGEM","EM USINAGEM")) -> EM USINAGEM | Z50: 29 | AA50: =Tabela1[[#This Row],[Plainar Facear]]+1 -> 30 | AB50: n/a | AC50: =Tabela1[[#This Row],[Serrar2]]+1 -> 31 | AD50: =Tabela1[[#This Row],[Encaixe / Furação]]+1 -> 32
A51: 2205 | B51: 4 | C51: 1483011 | D51: 1 | E51: Raizen Paraiso | F51: BAGACEIRA 78" | G51: 1 | H51: 46192 | I51: 46192 | J51: 46241 | L51: =Tabela1[[#This Row],[Prazo Entrega]]-TODAY() -> 11 | M51: =IF(L51<0,"ATRASADO",IF(L51<=15,"ATENÇÃO","NO PRAZO")) -> ATENÇÃO | N51: c/ usinagem | O51: OK | P51: OK | Q51: Perfil | R51: Serrar | S51: Encaixe | T51: Fur | U51: Acab | V51: Insp. | X51: =IF(I51="","AG. FUNDIDO",IF(Q51="AG","AG. USINAGEM","EM USINAGEM")) -> EM USINAGEM | Z51: 29 | AA51: =Tabela1[[#This Row],[Plainar Facear]]+1 -> 30 | AB51: n/a | AC51: =Tabela1[[#This Row],[Serrar2]]+1 -> 31 | AD51: =Tabela1[[#This Row],[Encaixe / Furação]]+1 -> 32
A52: 2205 | B52: 5 | C52: 1483012 | D52: 1 | E52: Raizen Paraiso | F52: BAGACEIRA 78" | G52: 1 | H52: 46192 | I52: 46183 | J52: 46241 | L52: =Tabela1[[#This Row],[Prazo Entrega]]-TODAY() -> 11 | M52: =IF(L52<0,"ATRASADO",IF(L52<=15,"ATENÇÃO","NO PRAZO")) -> ATENÇÃO | N52: c/ usinagem | O52: OK | P52: OK | Q52: Perfil | R52: Serrar | S52: Encaixe | T52: Fur | U52: Acab | V52: Insp. | X52: =IF(I52="","AG. FUNDIDO",IF(Q52="AG","AG. USINAGEM","EM USINAGEM")) -> EM USINAGEM | Z52: 29 | AA52: =Tabela1[[#This Row],[Plainar Facear]]+1 -> 30 | AB52: n/a | AC52: =Tabela1[[#This Row],[Serrar2]]+1 -> 31 | AD52: =Tabela1[[#This Row],[Encaixe / Furação]]+1 -> 32
A53: 2206 | B53: 2 | C53: 1255020 | D53: 1 | E53: Raizen Rafard | F53: BAGACEIRA 78" | G53: 1 | H53: 46199 | I53: 46189 | J53: 46241 | L53: =Tabela1[[#This Row],[Prazo Entrega]]-TODAY() -> 11 | M53: =IF(L53<0,"ATRASADO",IF(L53<=15,"ATENÇÃO","NO PRAZO")) -> ATENÇÃO | N53: c/ usinagem | O53: OK | P53: OK | Q53: Perfil | R53: Serrar | S53: Encaixe | T53: Fur | U53: Acab | V53: Insp. | X53: =IF(I53="","AG. FUNDIDO",IF(Q53="AG","AG. USINAGEM","EM USINAGEM")) -> EM USINAGEM | Z53: 29 | AA53: =Tabela1[[#This Row],[Plainar Facear]]+1 -> 30 | AB53: n/a | AC53: =Tabela1[[#This Row],[Serrar2]]+1 -> 31 | AD53: =Tabela1[[#This Row],[Encaixe / Furação]]+1 -> 32
A54: 2206 | B54: 3 | C54: 1255021 | D54: 1 | E54: Raizen Rafard | F54: BAGACEIRA 78" | G54: 1 | H54: 46199 | I54: 46206 | J54: 46241 | L54: =Tabela1[[#This Row],[Prazo Entrega]]-TODAY() -> 11 | M54: =IF(L54<0,"ATRASADO",IF(L54<=15,"ATENÇÃO","NO PRAZO")) -> ATENÇÃO | N54: c/ usinagem | O54: OK | P54: OK | Q54: Perfil | R54: Serrar | S54: Encaixe | T54: Fur | U54: Acab | V54: Insp. | X54: =IF(I54="","AG. FUNDIDO",IF(Q54="AG","AG. USINAGEM","EM USINAGEM")) -> EM USINAGEM | Z54: 29 | AA54: =Tabela1[[#This Row],[Plainar Facear]]+1 -> 30 | AB54: n/a | AC54: =Tabela1[[#This Row],[Serrar2]]+1 -> 31 | AD54: =Tabela1[[#This Row],[Encaixe / Furação]]+1 -> 32
A55: 2206 | B55: 4 | C55: 1255022 | D55: 1 | E55: Raizen Rafard | F55: BAGACEIRA 78" | G55: 1 | H55: 46199 | I55: 46217 | J55: 46241 | L55: =Tabela1[[#This Row],[Prazo Entrega]]-TODAY() -> 11 | M55: =IF(L55<0,"ATRASADO",IF(L55<=15,"ATENÇÃO","NO PRAZO")) -> ATENÇÃO | N55: c/ usinagem | O55: OK | P55: OK | Q55: Perfil | R55: Serrar | S55: Encaixe | T55: Fur | U55: Acab | V55: Insp. | X55: =IF(I55="","AG. FUNDIDO",IF(Q55="AG","AG. USINAGEM","EM USINAGEM")) -> EM USINAGEM | Z55: 29 | AA55: =Tabela1[[#This Row],[Plainar Facear]]+1 -> 30 | AB55: n/a | AC55: =Tabela1[[#This Row],[Serrar2]]+1 -> 31 | AD55: =Tabela1[[#This Row],[Encaixe / Furação]]+1 -> 32
A56: 2206 | B56: 5 | C56: 1255023 | D56: 1 | E56: Raizen Rafard | F56: BAGACEIRA 78" | G56: 1 | H56: 46199 | I56: 46206 | J56: 46241 | L56: =Tabela1[[#This Row],[Prazo Entrega]]-TODAY() -> 11 | M56: =IF(L56<0,"ATRASADO",IF(L56<=15,"ATENÇÃO","NO PRAZO")) -> ATENÇÃO | N56: c/ usinagem | O56: OK | P56: OK | Q56: Perfil | R56: Serrar | S56: Encaixe | T56: Fur | U56: Acab | V56: Insp. | X56: =IF(I56="","AG. FUNDIDO",IF(Q56="AG","AG. USINAGEM","EM USINAGEM")) -> EM USINAGEM | Z56: 29 | AA56: =Tabela1[[#This Row],[Plainar Facear]]+1 -> 30 | AB56: n/a | AC56: =Tabela1[[#This Row],[Serrar2]]+1 -> 31 | AD56: =Tabela1[[#This Row],[Encaixe / Furação]]+1 -> 32
A57: 2206 | B57: 6 | C57: 1255024 | D57: 1 | E57: Raizen Rafard | F57: BAGACEIRA 78" | G57: 1 | H57: 46199 | I57: 46217 | J57: 46241 | L57: =Tabela1[[#This Row],[Prazo Entrega]]-TODAY() -> 11 | M57: =IF(L57<0,"ATRASADO",IF(L57<=15,"ATENÇÃO","NO PRAZO")) -> ATENÇÃO | N57: c/ usinagem | O57: OK | P57: OK | Q57: Perfil | R57: Serrar | S57: Encaixe | T57: Fur | U57: Acab | V57: Insp. | X57: =IF(I57="","AG. FUNDIDO",IF(Q57="AG","AG. USINAGEM","EM USINAGEM")) -> EM USINAGEM | Z57: 29 | AA57: =Tabela1[[#This Row],[Plainar Facear]]+1 -> 30 | AB57: n/a | AC57: =Tabela1[[#This Row],[Serrar2]]+1 -> 31 | AD57: =Tabela1[[#This Row],[Encaixe / Furação]]+1 -> 32
A58: 2207 | B58: 1 | C58: 372054 | D58: 1 | E58: Raizen Taruma | F58: BAGACEIRA 78" | G58: 1 | H58: 46199 | I58: 46190 | J58: 46248 | L58: =Tabela1[[#This Row],[Prazo Entrega]]-TODAY() -> 18 | M58: =IF(L58<0,"ATRASADO",IF(L58<=15,"ATENÇÃO","NO PRAZO")) -> NO PRAZO | N58: c/ usinagem | O58: OK | P58: OK | Q58: Perfil | R58: Serrar | S58: Encaixe | T58: Fur | U58: Acab | V58: Insp. | X58: =IF(I58="","AG. FUNDIDO",IF(Q58="AG","AG. USINAGEM","EM USINAGEM")) -> EM USINAGEM | Z58: 29 | AA58: =Tabela1[[#This Row],[Plainar Facear]]+1 -> 30 | AB58: n/a | AC58: =Tabela1[[#This Row],[Serrar2]]+1 -> 31 | AD58: =Tabela1[[#This Row],[Encaixe / Furação]]+1 -> 32
A59: 2207 | B59: 2 | C59: 372055 | D59: 1 | E59: Raizen Taruma | F59: BAGACEIRA 78" | G59: 1 | H59: 46199 | I59: 46188 | J59: 46248 | L59: =Tabela1[[#This Row],[Prazo Entrega]]-TODAY() -> 18 | M59: =IF(L59<0,"ATRASADO",IF(L59<=15,"ATENÇÃO","NO PRAZO")) -> NO PRAZO | N59: c/ usinagem | O59: OK | P59: OK | Q59: Perfil | R59: Serrar | S59: Encaixe | T59: Fur | U59: Acab | V59: Insp. | X59: =IF(I59="","AG. FUNDIDO",IF(Q59="AG","AG. USINAGEM","EM USINAGEM")) -> EM USINAGEM | Z59: 29 | AA59: =Tabela1[[#This Row],[Plainar Facear]]+1 -> 30 | AB59: n/a | AC59: =Tabela1[[#This Row],[Serrar2]]+1 -> 31 | AD59: =Tabela1[[#This Row],[Encaixe / Furação]]+1 -> 32
A60: 2226 | B60: 1 | C60: 1495050 | D60: 1 | E60: Aura Brazil | F60: BAGACEIRA 66" (US. LISA S/ FURAÇÕES E FIXAÇ) | G60: 1 | H60: 46189 | I60: 46203 | J60: 46234 | L60: =Tabela1[[#This Row],[Prazo Entrega]]-TODAY() -> 4 | M60: =IF(L60<0,"ATRASADO",IF(L60<=15,"ATENÇÃO","NO PRAZO")) -> ATENÇÃO | N60: c/ usinagem | O60: OK | P60: OK | Q60: Perfil | R60: Serrar | S60: Encaixe | T60: Fur | U60: Acab | V60: Insp. | X60: =IF(I60="","AG. FUNDIDO",IF(Q60="AG","AG. USINAGEM","EM USINAGEM")) -> EM USINAGEM | Z60: 30 | AA60: n/a | AB60: n/a | AC60: n/a | AD60: 31
A61: 2226 | B61: 2 | C61: 1495050 | D61: 2 | E61: Aura Brazil | F61: BAGACEIRA 66" (US. LISA S/ FURAÇÕES E FIXAÇ) | G61: 1 | H61: 46189 | I61: 46203 | J61: 46234 | L61: =Tabela1[[#This Row],[Prazo Entrega]]-TODAY() -> 4 | M61: =IF(L61<0,"ATRASADO",IF(L61<=15,"ATENÇÃO","NO PRAZO")) -> ATENÇÃO | N61: c/ usinagem | O61: OK | P61: OK | Q61: Perfil | R61: Serrar | S61: Encaixe | T61: Fur | U61: Acab | V61: Insp. | X61: =IF(I61="","AG. FUNDIDO",IF(Q61="AG","AG. USINAGEM","EM USINAGEM")) -> EM USINAGEM | Z61: 30 | AA61: n/a | AB61: n/a | AC61: n/a | AD61: 31
A62: 2226 | B62: 3 | C62: 1495050 | D62: 3 | E62: Aura Brazil | F62: BAGACEIRA 66" (US. LISA S/ FURAÇÕES E FIXAÇ) | G62: 1 | H62: 46189 | I62: 46197 | J62: 46234 | L62: =Tabela1[[#This Row],[Prazo Entrega]]-TODAY() -> 4 | M62: =IF(L62<0,"ATRASADO",IF(L62<=15,"ATENÇÃO","NO PRAZO")) -> ATENÇÃO | N62: c/ usinagem | O62: OK | P62: OK | Q62: Perfil | R62: Serrar | S62: Encaixe | T62: Fur | U62: Acab | V62: Insp. | X62: =IF(I62="","AG. FUNDIDO",IF(Q62="AG","AG. USINAGEM","EM USINAGEM")) -> EM USINAGEM | Z62: 30 | AA62: n/a | AB62: n/a | AC62: n/a | AD62: 31
A63: 2226 | B63: 4 | C63: 1495051 | D63: 1 | E63: Aura Brazil | F63: BAGACEIRA 66" (US. LISA S/ FURAÇÕES E FIXAÇ) | G63: 1 | H63: 46189 | I63: 46197 | J63: 46234 | L63: =Tabela1[[#This Row],[Prazo Entrega]]-TODAY() -> 4 | M63: =IF(L63<0,"ATRASADO",IF(L63<=15,"ATENÇÃO","NO PRAZO")) -> ATENÇÃO | N63: c/ usinagem | O63: OK | P63: OK | Q63: Perfil | R63: Serrar | S63: Encaixe | T63: Fur | U63: Acab | V63: Insp. | X63: =IF(I63="","AG. FUNDIDO",IF(Q63="AG","AG. USINAGEM","EM USINAGEM")) -> EM USINAGEM | Z63: 30 | AA63: n/a | AB63: n/a | AC63: n/a | AD63: 31
A64: 2226 | B64: 5 | C64: 1495051 | D64: 2 | E64: Aura Brazil | F64: BAGACEIRA 66" (US. LISA S/ FURAÇÕES E FIXAÇ) | G64: 1 | H64: 46189 | I64: 46197 | J64: 46234 | L64: =Tabela1[[#This Row],[Prazo Entrega]]-TODAY() -> 4 | M64: =IF(L64<0,"ATRASADO",IF(L64<=15,"ATENÇÃO","NO PRAZO")) -> ATENÇÃO | N64: c/ usinagem | O64: OK | P64: OK | Q64: Perfil | R64: Serrar | S64: Encaixe | T64: Fur | U64: Acab | V64: Insp. | X64: =IF(I64="","AG. FUNDIDO",IF(Q64="AG","AG. USINAGEM","EM USINAGEM")) -> EM USINAGEM | Z64: 30 | AA64: n/a | AB64: n/a | AC64: n/a | AD64: 31
A65: 2226 | B65: 6 | C65: 1495051 | D65: 3 | E65: Aura Brazil | F65: BAGACEIRA 66" (US. LISA S/ FURAÇÕES E FIXAÇ) | G65: 1 | H65: 46189 | I65: 46203 | J65: 46234 | L65: =Tabela1[[#This Row],[Prazo Entrega]]-TODAY() -> 4 | M65: =IF(L65<0,"ATRASADO",IF(L65<=15,"ATENÇÃO","NO PRAZO")) -> ATENÇÃO | N65: c/ usinagem | O65: OK | P65: OK | Q65: Perfil | R65: Serrar | S65: Encaixe | T65: Fur | U65: Acab | V65: Insp. | X65: =IF(I65="","AG. FUNDIDO",IF(Q65="AG","AG. USINAGEM","EM USINAGEM")) -> EM USINAGEM | Z65: 30 | AA65: n/a | AB65: n/a | AC65: n/a | AD65: 31
A66: 2226 | B66: 16 | C66: 1495053 | D66: 1 | E66: Aura Brazil | F66: BAGACEIRA 78" (US. LISA S/ FURAÇÕES E FIXAÇ) | G66: 1 | H66: 46189 | I66: 46197 | J66: 46234 | L66: =Tabela1[[#This Row],[Prazo Entrega]]-TODAY() -> 4 | M66: =IF(L66<0,"ATRASADO",IF(L66<=15,"ATENÇÃO","NO PRAZO")) -> ATENÇÃO | N66: c/ usinagem | O66: OK | P66: OK | Q66: Perfil | R66: Serrar | S66: Encaixe | T66: Fur | U66: Acab | V66: Insp. | X66: =IF(I66="","AG. FUNDIDO",IF(Q66="AG","AG. USINAGEM","EM USINAGEM")) -> EM USINAGEM | Z66: 30 | AA66: n/a | AB66: n/a | AC66: n/a | AD66: 31
A67: 2207 | B67: 3 | C67: 372056 | D67: 1 | E67: Raizen Taruma | F67: BAGACEIRA 78" | G67: 1 | H67: 46199 | I67: 46219 | J67: 46248 | L67: =Tabela1[[#This Row],[Prazo Entrega]]-TODAY() -> 18 | M67: =IF(L67<0,"ATRASADO",IF(L67<=15,"ATENÇÃO","NO PRAZO")) -> NO PRAZO | N67: c/ usinagem | O67: OK | P67: OK | Q67: Perfil | R67: Serrar | S67: Encaixe | T67: Fur | U67: Acab | V67: Insp. | X67: =IF(I67="","AG. FUNDIDO",IF(Q67="AG","AG. USINAGEM","EM USINAGEM")) -> EM USINAGEM | Z67: 30 | AA67: =Tabela1[[#This Row],[Plainar Facear]]+1 -> 31 | AB67: n/a | AC67: =Tabela1[[#This Row],[Serrar2]]+1 -> 32 | AD67: =Tabela1[[#This Row],[Encaixe / Furação]]+1 -> 33
A68: 2207 | B68: 4 | C68: 372057 | D68: 1 | E68: Raizen Taruma | F68: BAGACEIRA 78" | G68: 1 | H68: 46199 | I68: 46189 | J68: 46248 | L68: =Tabela1[[#This Row],[Prazo Entrega]]-TODAY() -> 18 | M68: =IF(L68<0,"ATRASADO",IF(L68<=15,"ATENÇÃO","NO PRAZO")) -> NO PRAZO | N68: c/ usinagem | O68: OK | P68: OK | Q68: Perfil | R68: Serrar | S68: Encaixe | T68: Fur | U68: Acab | V68: Insp. | X68: =IF(I68="","AG. FUNDIDO",IF(Q68="AG","AG. USINAGEM","EM USINAGEM")) -> EM USINAGEM | Z68: 30 | AA68: =Tabela1[[#This Row],[Plainar Facear]]+1 -> 31 | AB68: n/a | AC68: =Tabela1[[#This Row],[Serrar2]]+1 -> 32 | AD68: =Tabela1[[#This Row],[Encaixe / Furação]]+1 -> 33
A69: 2231 | B69: 1 | C69: 153022 | D69: 1 | E69: Santo Angelo | F69: BAGACEIRA 2200MM | G69: 1 | H69: 46208 | I69: 46211 | J69: 46255 | L69: =Tabela1[[#This Row],[Prazo Entrega]]-TODAY() -> 25 | M69: =IF(L69<0,"ATRASADO",IF(L69<=15,"ATENÇÃO","NO PRAZO")) -> NO PRAZO | N69: c/ usinagem | O69: 46208 | P69: AG | Q69: Perfil | R69: Serrar | S69: Encaixe | T69: Fur | U69: Acab | V69: Insp. | X69: =IF(I69="","AG. FUNDIDO",IF(Q69="AG","AG. USINAGEM","EM USINAGEM")) -> EM USINAGEM | Z69: 30 | AA69: =Tabela1[[#This Row],[Plainar Facear]]+1 -> 31 | AB69: n/a | AC69: =Tabela1[[#This Row],[Serrar2]]+1 -> 32 | AD69: =Tabela1[[#This Row],[Encaixe / Furação]]+1 -> 33
A70: 2231 | B70: 2 | C70: 153023 | D70: 1 | E70: Santo Angelo | F70: BAGACEIRA 2200MM | G70: 1 | H70: 46208 | I70: 46211 | J70: 46255 | L70: =Tabela1[[#This Row],[Prazo Entrega]]-TODAY() -> 25 | M70: =IF(L70<0,"ATRASADO",IF(L70<=15,"ATENÇÃO","NO PRAZO")) -> NO PRAZO | N70: c/ usinagem | O70: 46208 | P70: AG | Q70: Perfil | R70: Serrar | S70: Encaixe | T70: Fur | U70: Acab | V70: Insp. | X70: =IF(I70="","AG. FUNDIDO",IF(Q70="AG","AG. USINAGEM","EM USINAGEM")) -> EM USINAGEM | Z70: 31 | AA70: =Tabela1[[#This Row],[Plainar Facear]]+1 -> 32 | AB70: n/a | AC70: =Tabela1[[#This Row],[Serrar2]]+1 -> 33 | AD70: =Tabela1[[#This Row],[Encaixe / Furação]]+1 -> 34
A71: 2231 | B71: 3 | C71: 153024 | D71: 1 | E71: Santo Angelo | F71: BAGACEIRA 72" | G71: 1 | H71: 46208 | I71: 46211 | J71: 46255 | L71: =Tabela1[[#This Row],[Prazo Entrega]]-TODAY() -> 25 | M71: =IF(L71<0,"ATRASADO",IF(L71<=15,"ATENÇÃO","NO PRAZO")) -> NO PRAZO | N71: c/ usinagem | O71: 46208 | P71: AG | Q71: Perfil | R71: Serrar | S71: Encaixe | T71: Fur | U71: Acab | V71: Insp. | X71: =IF(I71="","AG. FUNDIDO",IF(Q71="AG","AG. USINAGEM","EM USINAGEM")) -> EM USINAGEM | Z71: 31 | AA71: =Tabela1[[#This Row],[Plainar Facear]]+1 -> 32 | AB71: n/a | AC71: =Tabela1[[#This Row],[Serrar2]]+1 -> 33 | AD71: =Tabela1[[#This Row],[Encaixe / Furação]]+1 -> 34
A72: 2231 | B72: 4 | C72: 153025 | D72: 1 | E72: Santo Angelo | F72: BAGACEIRA 72" | G72: 1 | H72: 46208 | I72: 46211 | J72: 46255 | L72: =Tabela1[[#This Row],[Prazo Entrega]]-TODAY() -> 25 | M72: =IF(L72<0,"ATRASADO",IF(L72<=15,"ATENÇÃO","NO PRAZO")) -> NO PRAZO | N72: c/ usinagem | O72: 46208 | P72: AG | Q72: Perfil | R72: Serrar | S72: Encaixe | T72: Fur | U72: Acab | V72: Insp. | X72: =IF(I72="","AG. FUNDIDO",IF(Q72="AG","AG. USINAGEM","EM USINAGEM")) -> EM USINAGEM | Z72: 31 | AA72: =Tabela1[[#This Row],[Plainar Facear]]+1 -> 32 | AB72: n/a | AC72: =Tabela1[[#This Row],[Serrar2]]+1 -> 33 | AD72: =Tabela1[[#This Row],[Encaixe / Furação]]+1 -> 34
A73: 2231 | B73: 5 | C73: 153026 | D73: 1 | E73: Santo Angelo | F73: BAGACEIRA 72" | G73: 1 | H73: 46208 | I73: 46211 | J73: 46255 | L73: =Tabela1[[#This Row],[Prazo Entrega]]-TODAY() -> 25 | M73: =IF(L73<0,"ATRASADO",IF(L73<=15,"ATENÇÃO","NO PRAZO")) -> NO PRAZO | N73: c/ usinagem | O73: 46208 | P73: AG | Q73: Perfil | R73: Serrar | S73: Encaixe | T73: Fur | U73: Acab | V73: Insp. | X73: =IF(I73="","AG. FUNDIDO",IF(Q73="AG","AG. USINAGEM","EM USINAGEM")) -> EM USINAGEM | Z73: 31 | AA73: =Tabela1[[#This Row],[Plainar Facear]]+1 -> 32 | AB73: n/a | AC73: =Tabela1[[#This Row],[Serrar2]]+1 -> 33 | AD73: =Tabela1[[#This Row],[Encaixe / Furação]]+1 -> 34
A74: 2231 | B74: 6 | C74: 153027 | D74: 1 | E74: Santo Angelo | F74: BAGACEIRA 72" | G74: 1 | H74: 46208 | I74: 46211 | J74: 46255 | L74: =Tabela1[[#This Row],[Prazo Entrega]]-TODAY() -> 25 | M74: =IF(L74<0,"ATRASADO",IF(L74<=15,"ATENÇÃO","NO PRAZO")) -> NO PRAZO | N74: c/ usinagem | O74: 46208 | P74: AG | Q74: Perfil | R74: Serrar | S74: Encaixe | T74: Fur | U74: Acab | V74: Insp. | X74: =IF(I74="","AG. FUNDIDO",IF(Q74="AG","AG. USINAGEM","EM USINAGEM")) -> EM USINAGEM | Z74: 31 | AA74: =Tabela1[[#This Row],[Plainar Facear]]+1 -> 32 | AB74: n/a | AC74: =Tabela1[[#This Row],[Serrar2]]+1 -> 33 | AD74: =Tabela1[[#This Row],[Encaixe / Furação]]+1 -> 34
A75: 2290 | B75: 1 | C75: 1454058 | D75: 1 | E75: MS Internacional | F75: BAGACEIRA 72" | G75: 1 | H75: 46229 | I75: 46220 | J75: 46259 | L75: =Tabela1[[#This Row],[Prazo Entrega]]-TODAY() -> 29 | M75: =IF(L75<0,"ATRASADO",IF(L75<=15,"ATENÇÃO","NO PRAZO")) -> NO PRAZO | N75: c/ usinagem | O75: 46208 | P75: OK | Q75: Perfil | R75: Serrar | S75: Encaixe | T75: Fur | U75: Acab | V75: Insp. | X75: =IF(I75="","AG. FUNDIDO",IF(Q75="AG","AG. USINAGEM","EM USINAGEM")) -> EM USINAGEM | Z75: 31 | AA75: =Tabela1[[#This Row],[Plainar Facear]]+1 -> 32 | AB75: n/a | AC75: =Tabela1[[#This Row],[Serrar2]]+1 -> 33 | AD75: =Tabela1[[#This Row],[Encaixe / Furação]]+1 -> 34
A76: 2290 | B76: 2 | C76: 1454058 | D76: 2 | E76: MS Internacional | F76: BAGACEIRA 72" | G76: 1 | H76: 46229 | I76: 46220 | J76: 46259 | L76: =Tabela1[[#This Row],[Prazo Entrega]]-TODAY() -> 29 | M76: =IF(L76<0,"ATRASADO",IF(L76<=15,"ATENÇÃO","NO PRAZO")) -> NO PRAZO | N76: c/ usinagem | O76: 46208 | P76: OK | Q76: Perfil | R76: Serrar | S76: Encaixe | T76: Fur | U76: Acab | V76: Insp. | X76: =IF(I76="","AG. FUNDIDO",IF(Q76="AG","AG. USINAGEM","EM USINAGEM")) -> EM USINAGEM | Z76: 31 | AA76: =Tabela1[[#This Row],[Plainar Facear]]+1 -> 32 | AB76: n/a | AC76: =Tabela1[[#This Row],[Serrar2]]+1 -> 33 | AD76: =Tabela1[[#This Row],[Encaixe / Furação]]+1 -> 34
A77: 2290 | B77: 3 | C77: 1454059 | D77: 3 | E77: MS Internacional | F77: BAGACEIRA 84" | G77: 1 | H77: 46229 | I77: 46220 | J77: 46259 | L77: =Tabela1[[#This Row],[Prazo Entrega]]-TODAY() -> 29 | M77: =IF(L77<0,"ATRASADO",IF(L77<=15,"ATENÇÃO","NO PRAZO")) -> NO PRAZO | N77: c/ usinagem | O77: 46208 | P77: OK | Q77: Perfil | R77: Serrar | S77: Encaixe | T77: Fur | U77: Acab | V77: Insp. | X77: =IF(I77="","AG. FUNDIDO",IF(Q77="AG","AG. USINAGEM","EM USINAGEM")) -> EM USINAGEM | Z77: 31 | AA77: =Tabela1[[#This Row],[Plainar Facear]]+1 -> 32 | AB77: n/a | AC77: =Tabela1[[#This Row],[Serrar2]]+1 -> 33 | AD77: =Tabela1[[#This Row],[Encaixe / Furação]]+1 -> 34
A78: 2284 | B78: 14 | C78: 212081 | D78: 1 | E78: Simisa | F78: BAGACERIA 2500 (BRUTA) | G78: 1 | H78: 46235 | I78: 46227 | J78: 46235 | L78: =Tabela1[[#This Row],[Prazo Entrega]]-TODAY() -> 5 | M78: =IF(L78<0,"ATRASADO",IF(L78<=15,"ATENÇÃO","NO PRAZO")) -> ATENÇÃO | N78: bruta | O78: - | P78: - | Q78: - | R78: - | S78: - | T78: - | U78: - | V78: - | X78: AG. COLETAR | Y78: FORNECER BRUTA DE FUNDIÇÃO | Z78: 0 | AA78: 0 | AB78: 0 | AC78: 0 | AD78: 0
A79: 2284 | B79: 15 | C79: 212082 | D79: 1 | E79: Simisa | F79: BAGACEIRA 2300 (BRUTA) | G79: 1 | H79: 46295 | I79: 46227 | J79: 46295 | L79: =Tabela1[[#This Row],[Prazo Entrega]]-TODAY() -> 65 | M79: =IF(L79<0,"ATRASADO",IF(L79<=15,"ATENÇÃO","NO PRAZO")) -> NO PRAZO | N79: bruta | O79: - | P79: - | Q79: - | R79: - | S79: - | T79: - | U79: - | V79: - | X79: AG. COLETAR | Y79: FORNECER BRUTA DE FUNDIÇÃO | Z79: 0 | AA79: 0 | AB79: 0 | AC79: 0 | AD79: 0
A80: 2284 | B80: 16 | C80: 212083 | D80: 1 | E80: Simisa | F80: BAGACEIRA 2300 (BRUTA) | G80: 1 | H80: 46235 | I80: 46227 | J80: 46235 | L80: =Tabela1[[#This Row],[Prazo Entrega]]-TODAY() -> 5 | M80: =IF(L80<0,"ATRASADO",IF(L80<=15,"ATENÇÃO","NO PRAZO")) -> ATENÇÃO | N80: bruta | O80: - | P80: - | Q80: - | R80: - | S80: - | T80: - | U80: - | V80: - | X80: AG. COLETAR | Y80: FORNECER BRUTA DE FUNDIÇÃO | Z80: 0 | AA80: 0 | AB80: 0 | AC80: 0 | AD80: 0
A81: 2284 | B81: 17 | C81: 212084 | D81: 1 | E81: Simisa | F81: BAGACEIRA 2300 (BRUTA) | G81: 1 | H81: 46266 | I81: 46227 | J81: 46266 | L81: =Tabela1[[#This Row],[Prazo Entrega]]-TODAY() -> 36 | M81: =IF(L81<0,"ATRASADO",IF(L81<=15,"ATENÇÃO","NO PRAZO")) -> NO PRAZO | N81: bruta | O81: - | P81: - | Q81: - | R81: - | S81: - | T81: - | U81: - | V81: - | X81: AG. COLETAR | Y81: FORNECER BRUTA DE FUNDIÇÃO | Z81: 0 | AA81: 0 | AB81: 0 | AC81: 0 | AD81: 0
A82: 2284 | B82: 18 | C82: 212085 | D82: 1 | E82: Simisa | F82: BAGACEIRA 2300 (BRUTA) | G82: 1 | H82: 46266 | I82: 46227 | J82: 46266 | L82: =Tabela1[[#This Row],[Prazo Entrega]]-TODAY() -> 36 | M82: =IF(L82<0,"ATRASADO",IF(L82<=15,"ATENÇÃO","NO PRAZO")) -> NO PRAZO | N82: bruta | O82: - | P82: - | Q82: - | R82: - | S82: - | T82: - | U82: - | V82: - | X82: AG. COLETAR | Y82: FORNECER BRUTA DE FUNDIÇÃO | Z82: 0 | AA82: 0 | AB82: 0 | AC82: 0 | AD82: 0
A83: 2284 | B83: 19 | C83: 212086 | D83: 1 | E83: Simisa | F83: BAGACERIA 2500 (BRUTA) | G83: 1 | H83: 46295 | I83: 46227 | J83: 46295 | L83: =Tabela1[[#This Row],[Prazo Entrega]]-TODAY() -> 65 | M83: =IF(L83<0,"ATRASADO",IF(L83<=15,"ATENÇÃO","NO PRAZO")) -> NO PRAZO | N83: bruta | O83: - | P83: - | Q83: - | R83: - | S83: - | T83: - | U83: - | V83: - | X83: AG. COLETAR | Y83: FORNECER BRUTA DE FUNDIÇÃO | Z83: 0 | AA83: 0 | AB83: 0 | AC83: 0 | AD83: 0
A84: 2263 | B84: 4 | C84: 1163065 | D84: 1 | E84: Atvos Santa Luzia | F84: BAGACERIA 2500 C/ SOLDA DURA | G84: 1 | H84: 46226 | I84: 46223 | J84: 46310 | L84: =Tabela1[[#This Row],[Prazo Entrega]]-TODAY() -> 80 | M84: =IF(L84<0,"ATRASADO",IF(L84<=15,"ATENÇÃO","NO PRAZO")) -> NO PRAZO | N84: c/ usinagem | O84: 46213 | P84: AG | Q84: Perfil | R84: Serrar | S84: S. Dura | T84: Encaixe | U84: Fur | V84: Acab | W84: Insp. | X84: =IF(I84="","AG. FUNDIDO",IF(Q84="AG","AG. USINAGEM","EM USINAGEM")) -> EM USINAGEM | Z84: 32 | AA84: =Tabela1[[#This Row],[Plainar Facear]]+1 -> 33 | AB84: =Tabela1[[#This Row],[Serrar2]]+1 -> 34 | AC84: =Tabela1[[#This Row],[Solda Dura2]]+1 -> 35 | AD84: =Tabela1[[#This Row],[Encaixe / Furação]]+1 -> 36
A85: 2263 | B85: 5 | C85: 1163066 | D85: 1 | E85: Atvos Santa Luzia | F85: BAGACEIRA 2300 C/ SOLDA DURA | G85: 1 | H85: 46226 | I85: 46223 | J85: 46310 | L85: =Tabela1[[#This Row],[Prazo Entrega]]-TODAY() -> 80 | M85: =IF(L85<0,"ATRASADO",IF(L85<=15,"ATENÇÃO","NO PRAZO")) -> NO PRAZO | N85: c/ usinagem | O85: 46213 | P85: AG | Q85: Perfil | R85: Serrar | S85: S. Dura | T85: Encaixe | U85: Fur | V85: Acab | W85: Insp. | X85: =IF(I85="","AG. FUNDIDO",IF(Q85="AG","AG. USINAGEM","EM USINAGEM")) -> EM USINAGEM | Z85: 32 | AA85: =Tabela1[[#This Row],[Plainar Facear]]+1 -> 33 | AB85: =Tabela1[[#This Row],[Serrar2]]+1 -> 34 | AC85: =Tabela1[[#This Row],[Solda Dura2]]+1 -> 35 | AD85: =Tabela1[[#This Row],[Encaixe / Furação]]+1 -> 36
A86: 2263 | B86: 6 | C86: 1163067 | D86: 1 | E86: Atvos Santa Luzia | F86: BAGACEIRA 2300 C/ SOLDA DURA | G86: 1 | H86: 46226 | I86: 46223 | J86: 46310 | L86: =Tabela1[[#This Row],[Prazo Entrega]]-TODAY() -> 80 | M86: =IF(L86<0,"ATRASADO",IF(L86<=15,"ATENÇÃO","NO PRAZO")) -> NO PRAZO | N86: c/ usinagem | O86: 46213 | P86: AG | Q86: Perfil | R86: Serrar | S86: S. Dura | T86: Encaixe | U86: Fur | V86: Acab | W86: Insp. | X86: =IF(I86="","AG. FUNDIDO",IF(Q86="AG","AG. USINAGEM","EM USINAGEM")) -> EM USINAGEM | Z86: 32 | AA86: =Tabela1[[#This Row],[Plainar Facear]]+1 -> 33 | AB86: =Tabela1[[#This Row],[Serrar2]]+1 -> 34 | AC86: =Tabela1[[#This Row],[Solda Dura2]]+1 -> 35 | AD86: =Tabela1[[#This Row],[Encaixe / Furação]]+1 -> 36
A87: 2263 | B87: 7 | C87: 1163068 | D87: 1 | E87: Atvos Santa Luzia | F87: BAGACEIRA 2300 C/ SOLDA DURA | G87: 1 | H87: 46226 | I87: 46223 | J87: 46310 | L87: =Tabela1[[#This Row],[Prazo Entrega]]-TODAY() -> 80 | M87: =IF(L87<0,"ATRASADO",IF(L87<=15,"ATENÇÃO","NO PRAZO")) -> NO PRAZO | N87: c/ usinagem | O87: 46213 | P87: AG | Q87: Perfil | R87: Serrar | S87: S. Dura | T87: Encaixe | U87: Fur | V87: Acab | W87: Insp. | X87: =IF(I87="","AG. FUNDIDO",IF(Q87="AG","AG. USINAGEM","EM USINAGEM")) -> EM USINAGEM | Z87: 32 | AA87: =Tabela1[[#This Row],[Plainar Facear]]+1 -> 33 | AB87: =Tabela1[[#This Row],[Serrar2]]+1 -> 34 | AC87: =Tabela1[[#This Row],[Solda Dura2]]+1 -> 35 | AD87: =Tabela1[[#This Row],[Encaixe / Furação]]+1 -> 36
A88: 2263 | B88: 8 | C88: 1163069 | D88: 1 | E88: Atvos Santa Luzia | F88: BAGACEIRA 2300 C/ SOLDA DURA | G88: 1 | H88: 46226 | I88: 46223 | J88: 46310 | L88: =Tabela1[[#This Row],[Prazo Entrega]]-TODAY() -> 80 | M88: =IF(L88<0,"ATRASADO",IF(L88<=15,"ATENÇÃO","NO PRAZO")) -> NO PRAZO | N88: c/ usinagem | O88: 46213 | P88: AG | Q88: Perfil | R88: Serrar | S88: S. Dura | T88: Encaixe | U88: Fur | V88: Acab | W88: Insp. | X88: =IF(I88="","AG. FUNDIDO",IF(Q88="AG","AG. USINAGEM","EM USINAGEM")) -> EM USINAGEM | Z88: 32 | AA88: =Tabela1[[#This Row],[Plainar Facear]]+1 -> 33 | AB88: =Tabela1[[#This Row],[Serrar2]]+1 -> 34 | AC88: =Tabela1[[#This Row],[Solda Dura2]]+1 -> 35 | AD88: =Tabela1[[#This Row],[Encaixe / Furação]]+1 -> 36
A89: 2263 | B89: 9 | C89: 1163070 | D89: 1 | E89: Atvos Santa Luzia | F89: BAGACERIA 2500 C/ SOLDA DURA | G89: 1 | H89: 46226 | I89: 46223 | J89: 46310 | L89: =Tabela1[[#This Row],[Prazo Entrega]]-TODAY() -> 80 | M89: =IF(L89<0,"ATRASADO",IF(L89<=15,"ATENÇÃO","NO PRAZO")) -> NO PRAZO | N89: c/ usinagem | O89: 46213 | P89: AG | Q89: Perfil | R89: Serrar | S89: S. Dura | T89: Encaixe | U89: Fur | V89: Acab | W89: Insp. | X89: =IF(I89="","AG. FUNDIDO",IF(Q89="AG","AG. USINAGEM","EM USINAGEM")) -> EM USINAGEM | Z89: 32 | AA89: =Tabela1[[#This Row],[Plainar Facear]]+1 -> 33 | AB89: =Tabela1[[#This Row],[Serrar2]]+1 -> 34 | AC89: =Tabela1[[#This Row],[Solda Dura2]]+1 -> 35 | AD89: =Tabela1[[#This Row],[Encaixe / Furação]]+1 -> 36
A90: 2322 | B90: 1 | C90: 1271009 | D90: 1 | E90: Raizen Caraapó | F90: BAGACEIRA 2300 | G90: 1 | H90: 46250 | J90: 46281 | L90: =Tabela1[[#This Row],[Prazo Entrega]]-TODAY() -> 51 | M90: =IF(L90<0,"ATRASADO",IF(L90<=15,"ATENÇÃO","NO PRAZO")) -> NO PRAZO | N90: c/ usinagem | O90: 46218 | P90: AG | Q90: Perfil | R90: Serrar | S90: Encaixe | T90: Fur | U90: Acab | V90: Insp. | X90: =IF(I90="","AG. FUNDIDO",IF(Q90="AG","AG. USINAGEM","EM USINAGEM")) -> AG. FUNDIDO | Z90: 33 | AA90: 34 | AB90: 35 | AC90: 36 | AD90: 37
A91: 2322 | B91: 2 | C91: 1271010 | D91: 1 | E91: Raizen Caraapó | F91: BAGACEIRA 2300 | G91: 1 | H91: 46250 | J91: 46281 | L91: =Tabela1[[#This Row],[Prazo Entrega]]-TODAY() -> 51 | M91: =IF(L91<0,"ATRASADO",IF(L91<=15,"ATENÇÃO","NO PRAZO")) -> NO PRAZO | N91: c/ usinagem | O91: 46218 | P91: AG | Q91: Perfil | R91: Serrar | S91: Encaixe | T91: Fur | U91: Acab | V91: Insp. | X91: =IF(I91="","AG. FUNDIDO",IF(Q91="AG","AG. USINAGEM","EM USINAGEM")) -> AG. FUNDIDO | Z91: 33 | AA91: 34 | AB91: 35 | AC91: 36 | AD91: 37
A92: 2322 | B92: 3 | C92: 1271011 | D92: 1 | E92: Raizen Caraapó | F92: BAGACEIRA 2300 | G92: 1 | H92: 46250 | J92: 46281 | L92: =Tabela1[[#This Row],[Prazo Entrega]]-TODAY() -> 51 | M92: =IF(L92<0,"ATRASADO",IF(L92<=15,"ATENÇÃO","NO PRAZO")) -> NO PRAZO | N92: c/ usinagem | O92: 46218 | P92: AG | Q92: Perfil | R92: Serrar | S92: Encaixe | T92: Fur | U92: Acab | V92: Insp. | X92: =IF(I92="","AG. FUNDIDO",IF(Q92="AG","AG. USINAGEM","EM USINAGEM")) -> AG. FUNDIDO | Z92: 33 | AA92: 34 | AB92: 35 | AC92: 36 | AD92: 37
A93: 2322 | B93: 4 | C93: 1271012 | D93: 1 | E93: Raizen Caraapó | F93: BAGACEIRA 2300 | G93: 1 | H93: 46250 | J93: 46281 | L93: =Tabela1[[#This Row],[Prazo Entrega]]-TODAY() -> 51 | M93: =IF(L93<0,"ATRASADO",IF(L93<=15,"ATENÇÃO","NO PRAZO")) -> NO PRAZO | N93: c/ usinagem | O93: 46218 | P93: AG | Q93: Perfil | R93: Serrar | S93: Encaixe | T93: Fur | U93: Acab | V93: Insp. | X93: =IF(I93="","AG. FUNDIDO",IF(Q93="AG","AG. USINAGEM","EM USINAGEM")) -> AG. FUNDIDO | Z93: 33 | AA93: 34 | AB93: 35 | AC93: 36 | AD93: 37
A94: 2322 | B94: 5 | C94: 1271013 | D94: 1 | E94: Raizen Caraapó | F94: BAGACERIA 2500 | G94: 1 | H94: 46250 | J94: 46281 | L94: =Tabela1[[#This Row],[Prazo Entrega]]-TODAY() -> 51 | M94: =IF(L94<0,"ATRASADO",IF(L94<=15,"ATENÇÃO","NO PRAZO")) -> NO PRAZO | N94: c/ usinagem | O94: 46218 | P94: AG | Q94: Perfil | R94: Serrar | S94: Encaixe | T94: Fur | U94: Acab | V94: Insp. | X94: =IF(I94="","AG. FUNDIDO",IF(Q94="AG","AG. USINAGEM","EM USINAGEM")) -> AG. FUNDIDO | Z94: 33 | AA94: 34 | AB94: 35 | AC94: 36 | AD94: 37
A95: 1027 | B95: 17 | C95: 464101 | D95: 1 | E95: Água Bonita | F95: BAGACEIRA 84" C/ SOLDA DURA | G95: 1 | H95: 46295 | J95: 46356 | L95: =Tabela1[[#This Row],[Prazo Entrega]]-TODAY() -> 126 | M95: =IF(L95<0,"ATRASADO",IF(L95<=15,"ATENÇÃO","NO PRAZO")) -> NO PRAZO | N95: c/ usinagem | O95: OK | P95: OK | Q95: Perfil | R95: Serrar | S95: S. Dura | T95: Encaixe | U95: Fur | V95: Acab | W95: Insp. | X95: =IF(I95="","AG. FUNDIDO",IF(Q95="AG","AG. USINAGEM","EM USINAGEM")) -> AG. FUNDIDO
A96: 1027 | B96: 18 | C96: 464102 | D96: 1 | E96: Água Bonita | F96: BAGACEIRA 1700mm C/ SOLDA DURA | G96: 1 | H96: 46295 | J96: 46356 | L96: =Tabela1[[#This Row],[Prazo Entrega]]-TODAY() -> 126 | M96: =IF(L96<0,"ATRASADO",IF(L96<=15,"ATENÇÃO","NO PRAZO")) -> NO PRAZO | N96: c/ usinagem | O96: OK | P96: OK | Q96: Perfil | R96: Serrar | S96: S. Dura | T96: Encaixe | U96: Fur | V96: Acab | W96: Insp. | X96: =IF(I96="","AG. FUNDIDO",IF(Q96="AG","AG. USINAGEM","EM USINAGEM")) -> AG. FUNDIDO
A97: 1027 | B97: 19 | C97: 464103 | D97: 1 | E97: Água Bonita | F97: BAGACEIRA 1700mm C/ SOLDA DURA | G97: 1 | H97: 46295 | J97: 46356 | L97: =Tabela1[[#This Row],[Prazo Entrega]]-TODAY() -> 126 | M97: =IF(L97<0,"ATRASADO",IF(L97<=15,"ATENÇÃO","NO PRAZO")) -> NO PRAZO | N97: c/ usinagem | O97: OK | P97: OK | Q97: Perfil | R97: Serrar | S97: S. Dura | T97: Encaixe | U97: Fur | V97: Acab | W97: Insp. | X97: =IF(I97="","AG. FUNDIDO",IF(Q97="AG","AG. USINAGEM","EM USINAGEM")) -> AG. FUNDIDO
A98: 1027 | B98: 20 | C98: 464104 | D98: 1 | E98: Água Bonita | F98: BAGACEIRA 1700mm C/ SOLDA DURA | G98: 1 | H98: 46295 | J98: 46356 | L98: =Tabela1[[#This Row],[Prazo Entrega]]-TODAY() -> 126 | M98: =IF(L98<0,"ATRASADO",IF(L98<=15,"ATENÇÃO","NO PRAZO")) -> NO PRAZO | N98: c/ usinagem | O98: OK | P98: OK | Q98: Perfil | R98: Serrar | S98: S. Dura | T98: Encaixe | U98: Fur | V98: Acab | W98: Insp. | X98: =IF(I98="","AG. FUNDIDO",IF(Q98="AG","AG. USINAGEM","EM USINAGEM")) -> AG. FUNDIDO
A99: 1027 | B99: 21 | C99: 464105 | D99: 1 | E99: Água Bonita | F99: BAGACEIRA 1700mm C/ SOLDA DURA | G99: 1 | H99: 46295 | J99: 46356 | L99: =Tabela1[[#This Row],[Prazo Entrega]]-TODAY() -> 126 | M99: =IF(L99<0,"ATRASADO",IF(L99<=15,"ATENÇÃO","NO PRAZO")) -> NO PRAZO | N99: c/ usinagem | O99: OK | P99: OK | Q99: Perfil | R99: Serrar | S99: S. Dura | T99: Encaixe | U99: Fur | V99: Acab | W99: Insp. | X99: =IF(I99="","AG. FUNDIDO",IF(Q99="AG","AG. USINAGEM","EM USINAGEM")) -> AG. FUNDIDO
A100: 2331 | B100: 12 | C100: 27611 | D100: 12 | E100: Lins Agroindustrial | F100: BAGACEIRA 78" C/ SOLDA DURA | G100: 1 | H100: 46295 | J100: 46356 | L100: =Tabela1[[#This Row],[Prazo Entrega]]-TODAY() -> 126 | M100: =IF(L100<0,"ATRASADO",IF(L100<=15,"ATENÇÃO","NO PRAZO")) -> NO PRAZO | N100: c/ usinagem | O100: 46233 | P100: AG | Q100: Perfil | R100: Serrar | S100: S. Dura | T100: Encaixe | U100: Fur | V100: Acab | W100: Insp. | X100: =IF(I100="","AG. FUNDIDO",IF(Q100="AG","AG. USINAGEM","EM USINAGEM")) -> AG. FUNDIDO
...

Sheet PENTES
A1: PV | B1: Item | C1: OS/ Peça | D1: Seq. | E1: Cliente | F1: Descrição | G1: Qtde. | H1: Prazo Fundido | I1: Pz Fundido Real | J1: Prazo Entrega | K1: Pz Entrega Real | L1: Desenho Previsão | M1: Des. | N1: Dias Falta2 | O1: Indicador | P1: CONDIÇÃO | Q1: OP1 | R1: OP2 | S1: OP3 | T1: OP4 | U1: OP5 | V1: Status Usinagem | W1: Observação
A2: 2226 | B2: 7 | C2: 1495052 | D2: 1 | E2: Aura Brazil | F2: PENTE CURVO - USINADO LISO | G2: 1 | H2: 46185 | I2: 46188 | J2: 46211 | L2: OK | M2: OK | N2: OK | O2: =IF(N2<0,"ATRASADO",IF(N2<=15,"ATENÇÃO","NO PRAZO")) -> NO PRAZO | P2: c/ usinagem | Q2: Enviar Terc. | R2: Retornar | S2: Acab. | T2: Insp | V2: AG. COLETA
A3: 2226 | B3: 8 | C3: 1495052 | D3: 2 | E3: Aura Brazil | F3: PENTE CURVO - USINADO LISO | G3: 1 | H3: 46185 | I3: 46188 | J3: 46211 | L3: OK | M3: OK | N3: OK | O3: =IF(N3<0,"ATRASADO",IF(N3<=15,"ATENÇÃO","NO PRAZO")) -> NO PRAZO | P3: c/ usinagem | Q3: Enviar Terc. | R3: Retornar | S3: Acab. | T3: Insp | V3: AG. COLETA
A4: 2226 | B4: 9 | C4: 1495052 | D4: 3 | E4: Aura Brazil | F4: PENTE CURVO - USINADO LISO | G4: 1 | H4: 46185 | I4: 46188 | J4: 46211 | L4: OK | M4: OK | N4: OK | O4: =IF(N4<0,"ATRASADO",IF(N4<=15,"ATENÇÃO","NO PRAZO")) -> NO PRAZO | P4: c/ usinagem | Q4: Enviar Terc. | R4: Retornar | S4: Acab. | T4: Insp | V4: AG. COLETA
A5: 2226 | B5: 10 | C5: 1495052 | D5: 4 | E5: Aura Brazil | F5: PENTE CURVO - USINADO LISO | G5: 1 | H5: 46185 | I5: 46188 | J5: 46211 | L5: OK | M5: OK | N5: OK | O5: =IF(N5<0,"ATRASADO",IF(N5<=15,"ATENÇÃO","NO PRAZO")) -> NO PRAZO | P5: c/ usinagem | Q5: Enviar Terc. | R5: Retornar | S5: Acab. | T5: Insp | V5: AG. COLETA
A6: 2226 | B6: 11 | C6: 1495052 | D6: 5 | E6: Aura Brazil | F6: PENTE CURVO - USINADO LISO | G6: 1 | H6: 46185 | I6: 46188 | J6: 46211 | L6: OK | M6: OK | N6: OK | O6: =IF(N6<0,"ATRASADO",IF(N6<=15,"ATENÇÃO","NO PRAZO")) -> NO PRAZO | P6: c/ usinagem | Q6: Enviar Terc. | R6: Retornar | S6: Acab. | T6: Insp | V6: AG. COLETA
A7: 2226 | B7: 12 | C7: 1495052 | D7: 6 | E7: Aura Brazil | F7: PENTE CURVO - USINADO LISO | G7: 1 | H7: 46185 | I7: 46188 | J7: 46211 | L7: OK | M7: OK | N7: OK | O7: =IF(N7<0,"ATRASADO",IF(N7<=15,"ATENÇÃO","NO PRAZO")) -> NO PRAZO | P7: c/ usinagem | Q7: Enviar Terc. | R7: Retornar | S7: Acab. | T7: Insp | V7: AG. COLETA
A8: 2226 | B8: 13 | C8: 1495052 | D8: 7 | E8: Aura Brazil | F8: PENTE CURVO - USINADO LISO | G8: 1 | H8: 46185 | I8: 46188 | J8: 46211 | L8: OK | M8: OK | N8: OK | O8: =IF(N8<0,"ATRASADO",IF(N8<=15,"ATENÇÃO","NO PRAZO")) -> NO PRAZO | P8: c/ usinagem | Q8: Enviar Terc. | R8: Retornar | S8: Acab. | T8: Insp | V8: AG. COLETA
A9: 2226 | B9: 14 | C9: 1495052 | D9: 8 | E9: Aura Brazil | F9: PENTE CURVO - USINADO LISO | G9: 1 | H9: 46185 | I9: 46188 | J9: 46211 | L9: OK | M9: OK | N9: OK | O9: =IF(N9<0,"ATRASADO",IF(N9<=15,"ATENÇÃO","NO PRAZO")) -> NO PRAZO | P9: c/ usinagem | Q9: Enviar Terc. | R9: Retornar | S9: Acab. | T9: Insp | V9: AG. COLETA
A10: 2226 | B10: 15 | C10: 1495052 | D10: 9 | E10: Aura Brazil | F10: PENTE CURVO - USINADO LISO | G10: 1 | H10: 46185 | I10: 46188 | J10: 46211 | L10: OK | M10: OK | N10: OK | O10: =IF(N10<0,"ATRASADO",IF(N10<=15,"ATENÇÃO","NO PRAZO")) -> NO PRAZO | P10: c/ usinagem | Q10: Enviar Terc. | R10: Retornar | S10: Acab. | T10: Insp | V10: AG. COLETA
A11: 2226 | B11: 17 | C11: 1495054 | D11: 1 | E11: Aura Brazil | F11: PENTE CURVO - USINADO LISO | G11: 1 | H11: 46185 | I11: 46188 | J11: 46211 | L11: OK | M11: OK | N11: OK | O11: =IF(N11<0,"ATRASADO",IF(N11<=15,"ATENÇÃO","NO PRAZO")) -> NO PRAZO | P11: c/ usinagem | Q11: Enviar Terc. | R11: Retornar | S11: Acab. | T11: Insp | V11: AG. COLETA | W11: RNC 13867 - FUNDIU PENTE 66"
A12: 2226 | B12: 18 | C12: 1495054 | D12: 2 | E12: Aura Brazil | F12: PENTE CURVO - USINADO LISO | G12: 1 | H12: 46185 | I12: 46188 | J12: 46211 | L12: OK | M12: OK | N12: OK | O12: =IF(N12<0,"ATRASADO",IF(N12<=15,"ATENÇÃO","NO PRAZO")) -> NO PRAZO | P12: c/ usinagem | Q12: Enviar Terc. | R12: Retornar | S12: Acab. | T12: Insp | V12: AG. COLETA | W12: RNC 13868 - FUNDIU PENTE 66"
A13: 2226 | B13: 19 | C13: 1495054 | D13: 3 | E13: Aura Brazil | F13: PENTE CURVO - USINADO LISO | G13: 1 | H13: 46185 | I13: 46188 | J13: 46211 | L13: OK | M13: OK | N13: OK | O13: =IF(N13<0,"ATRASADO",IF(N13<=15,"ATENÇÃO","NO PRAZO")) -> NO PRAZO | P13: c/ usinagem | Q13: Enviar Terc. | R13: Retornar | S13: Acab. | T13: Insp | V13: AG. COLETA | W13: RNC 13869 - FUNDIU PENTE 66"
A14: 2227 | B14: 1 | C14: 1454053 | D14: 1 | E14: MS Internacional | F14: PENTE INFERIOR CONVENCIONAL 84" | G14: 1 | H14: 46185 | I14: 46190 | J14: 46211 | K14: 46211 | L14: OK | M14: OK | N14: OK | O14: =IF(N14<0,"ATRASADO",IF(N14<=15,"ATENÇÃO","NO PRAZO")) -> NO PRAZO | P14: c/ usinagem | Q14: Enviar Terc. | R14: Retornar | S14: Acab. | T14: Insp | V14: EXPEDIDO
A15: 2227 | B15: 2 | C15: 1454053 | D15: 2 | E15: MS Internacional | F15: PENTE INFERIOR CONVENCIONAL 84" | G15: 1 | H15: 46185 | I15: 46190 | J15: 46211 | K15: 46211 | L15: OK | M15: OK | N15: OK | O15: =IF(N15<0,"ATRASADO",IF(N15<=15,"ATENÇÃO","NO PRAZO")) -> NO PRAZO | P15: c/ usinagem | Q15: Enviar Terc. | R15: Retornar | S15: Acab. | T15: Insp | V15: EXPEDIDO
A16: 2227 | B16: 3 | C16: 1454053 | D16: 3 | E16: MS Internacional | F16: PENTE INFERIOR CONVENCIONAL 84" | G16: 1 | H16: 46185 | I16: 46190 | J16: 46211 | K16: 46211 | L16: OK | M16: OK | N16: OK | O16: =IF(N16<0,"ATRASADO",IF(N16<=15,"ATENÇÃO","NO PRAZO")) -> NO PRAZO | P16: c/ usinagem | Q16: Enviar Terc. | R16: Retornar | S16: Acab. | T16: Insp | V16: EXPEDIDO
A17: 2227 | B17: 4 | C17: 1454053 | D17: 4 | E17: MS Internacional | F17: PENTE INFERIOR CONVENCIONAL 84" | G17: 1 | H17: 46185 | I17: 46190 | J17: 46211 | K17: 46211 | L17: OK | M17: OK | N17: OK | O17: =IF(N17<0,"ATRASADO",IF(N17<=15,"ATENÇÃO","NO PRAZO")) -> NO PRAZO | P17: c/ usinagem | Q17: Enviar Terc. | R17: Retornar | S17: Acab. | T17: Insp | V17: EXPEDIDO
A18: 2227 | B18: 5 | C18: 1454054 | D18: 1 | E18: MS Internacional | F18: PENTE SUPERIOR CONVENCIONAL 84" | G18: 1 | H18: 46185 | I18: 46188 | J18: 46211 | K18: 46211 | L18: OK | M18: OK | N18: OK | O18: =IF(N18<0,"ATRASADO",IF(N18<=15,"ATENÇÃO","NO PRAZO")) -> NO PRAZO | P18: c/ usinagem | Q18: Enviar Terc. | R18: Retornar | S18: Acab. | T18: Insp | V18: EXPEDIDO
A19: 2227 | B19: 6 | C19: 1454054 | D19: 2 | E19: MS Internacional | F19: PENTE SUPERIOR CONVENCIONAL 84" | G19: 1 | H19: 46185 | I19: 46188 | J19: 46211 | K19: 46211 | L19: OK | M19: OK | N19: OK | O19: =IF(N19<0,"ATRASADO",IF(N19<=15,"ATENÇÃO","NO PRAZO")) -> NO PRAZO | P19: c/ usinagem | Q19: Enviar Terc. | R19: Retornar | S19: Acab. | T19: Insp | V19: EXPEDIDO
A20: 2227 | B20: 7 | C20: 1454054 | D20: 3 | E20: MS Internacional | F20: PENTE SUPERIOR CONVENCIONAL 84" | G20: 1 | H20: 46185 | I20: 46188 | J20: 46211 | K20: 46211 | L20: OK | M20: OK | N20: OK | O20: =IF(N20<0,"ATRASADO",IF(N20<=15,"ATENÇÃO","NO PRAZO")) -> NO PRAZO | P20: c/ usinagem | Q20: Enviar Terc. | R20: Retornar | S20: Acab. | T20: Insp | V20: EXPEDIDO
A21: 2227 | B21: 8 | C21: 1454053 | D21: 5 | E21: MS Internacional | F21: PENTE INFERIOR CONVENCIONAL 84" | G21: 1 | H21: 46185 | I21: 46190 | J21: 46211 | K21: 46211 | L21: OK | M21: OK | N21: OK | O21: =IF(N21<0,"ATRASADO",IF(N21<=15,"ATENÇÃO","NO PRAZO")) -> NO PRAZO | P21: c/ usinagem | Q21: Enviar Terc. | R21: Retornar | S21: Acab. | T21: Insp | V21: EXPEDIDO
A22: 2227 | B22: 9 | C22: 1454053 | D22: 6 | E22: MS Internacional | F22: PENTE INFERIOR CONVENCIONAL 84" | G22: 1 | H22: 46185 | I22: 46190 | J22: 46211 | K22: 46211 | L22: OK | M22: OK | N22: OK | O22: =IF(N22<0,"ATRASADO",IF(N22<=15,"ATENÇÃO","NO PRAZO")) -> NO PRAZO | P22: c/ usinagem | Q22: Enviar Terc. | R22: Retornar | S22: Acab. | T22: Insp | V22: EXPEDIDO
A23: 2227 | B23: 10 | C23: 1454053 | D23: 7 | E23: MS Internacional | F23: PENTE INFERIOR CONVENCIONAL 84" | G23: 1 | H23: 46185 | I23: 46190 | J23: 46211 | K23: 46211 | L23: OK | M23: OK | N23: OK | O23: =IF(N23<0,"ATRASADO",IF(N23<=15,"ATENÇÃO","NO PRAZO")) -> NO PRAZO | P23: c/ usinagem | Q23: Enviar Terc. | R23: Retornar | S23: Acab. | T23: Insp | V23: EXPEDIDO
A24: 2227 | B24: 11 | C24: 1454053 | D24: 8 | E24: MS Internacional | F24: PENTE INFERIOR CONVENCIONAL 84" | G24: 1 | H24: 46185 | I24: 46190 | J24: 46211 | K24: 46211 | L24: OK | M24: OK | N24: OK | O24: =IF(N24<0,"ATRASADO",IF(N24<=15,"ATENÇÃO","NO PRAZO")) -> NO PRAZO | P24: c/ usinagem | Q24: Enviar Terc. | R24: Retornar | S24: Acab. | T24: Insp | V24: EXPEDIDO
A25: 2227 | B25: 12 | C25: 1454054 | D25: 4 | E25: MS Internacional | F25: PENTE SUPERIOR CONVENCIONAL 84" | G25: 1 | H25: 46185 | I25: 46188 | J25: 46211 | K25: 46211 | L25: OK | M25: OK | N25: OK | O25: =IF(N25<0,"ATRASADO",IF(N25<=15,"ATENÇÃO","NO PRAZO")) -> NO PRAZO | P25: c/ usinagem | Q25: Enviar Terc. | R25: Retornar | S25: Acab. | T25: Insp | V25: EXPEDIDO
A26: 2227 | B26: 13 | C26: 1454054 | D26: 5 | E26: MS Internacional | F26: PENTE SUPERIOR CONVENCIONAL 84" | G26: 1 | H26: 46185 | I26: 46188 | J26: 46211 | K26: 46211 | L26: OK | M26: OK | N26: OK | O26: =IF(N26<0,"ATRASADO",IF(N26<=15,"ATENÇÃO","NO PRAZO")) -> NO PRAZO | P26: c/ usinagem | Q26: Enviar Terc. | R26: Retornar | S26: Acab. | T26: Insp | V26: EXPEDIDO
A27: 2227 | B27: 21 | C27: CHAPA | D27: - | E27: MS Internacional | F27: PENTE SUPERIOR EM CHAPA RETO 82" | G27: 1 | H27: 46183 | I27: 46183 | J27: 46211 | K27: 46211 | L27: OK | M27: OK | N27: OK | O27: =IF(N27<0,"ATRASADO",IF(N27<=15,"ATENÇÃO","NO PRAZO")) -> NO PRAZO | P27: c/ usinagem | Q27: Enviar Terc. | R27: Retornar | S27: Acab. | T27: Insp | V27: EXPEDIDO
A28: 2227 | B28: 22 | C28: CHAPA | D28: - | E28: MS Internacional | F28: PENTE SUPERIOR EM CHAPA RETO 82" | G28: 1 | H28: 46183 | I28: 46183 | J28: 46211 | K28: 46211 | L28: OK | M28: OK | N28: OK | O28: =IF(N28<0,"ATRASADO",IF(N28<=15,"ATENÇÃO","NO PRAZO")) -> NO PRAZO | P28: c/ usinagem | Q28: Enviar Terc. | R28: Retornar | S28: Acab. | T28: Insp | V28: EXPEDIDO
A29: 2227 | B29: 23 | C29: CHAPA | D29: - | E29: MS Internacional | F29: PENTE SUPERIOR EM CHAPA RETO 82" | G29: 1 | H29: 46183 | I29: 46183 | J29: 46211 | K29: 46211 | L29: OK | M29: OK | N29: OK | O29: =IF(N29<0,"ATRASADO",IF(N29<=15,"ATENÇÃO","NO PRAZO")) -> NO PRAZO | P29: c/ usinagem | Q29: Enviar Terc. | R29: Retornar | S29: Acab. | T29: Insp | V29: EXPEDIDO
A30: 2227 | B30: 24 | C30: CHAPA | D30: - | E30: MS Internacional | F30: PENTE SUPERIOR EM CHAPA RETO 82" | G30: 1 | H30: 46183 | I30: 46183 | J30: 46211 | K30: 46211 | L30: OK | M30: OK | N30: OK | O30: =IF(N30<0,"ATRASADO",IF(N30<=15,"ATENÇÃO","NO PRAZO")) -> NO PRAZO | P30: c/ usinagem | Q30: Enviar Terc. | R30: Retornar | S30: Acab. | T30: Insp | V30: EXPEDIDO
A31: 2227 | B31: 25 | C31: CHAPA | D31: - | E31: MS Internacional | F31: PENTE SUPERIOR EM CHAPA RETO 82" | G31: 1 | H31: 46183 | I31: 46183 | J31: 46211 | K31: 46211 | L31: OK | M31: OK | N31: OK | O31: =IF(N31<0,"ATRASADO",IF(N31<=15,"ATENÇÃO","NO PRAZO")) -> NO PRAZO | P31: c/ usinagem | Q31: Enviar Terc. | R31: Retornar | S31: Acab. | T31: Insp | V31: EXPEDIDO
A32: 2227 | B32: 26 | C32: CHAPA | D32: - | E32: MS Internacional | F32: PENTE SUPERIOR EM CHAPA RETO 82" | G32: 1 | H32: 46183 | I32: 46183 | J32: 46211 | K32: 46211 | L32: OK | M32: OK | N32: OK | O32: =IF(N32<0,"ATRASADO",IF(N32<=15,"ATENÇÃO","NO PRAZO")) -> NO PRAZO | P32: c/ usinagem | Q32: Enviar Terc. | R32: Retornar | S32: Acab. | T32: Insp | V32: EXPEDIDO
A33: 1951 | B33: 9 | C33: 1202015 | D33: - | E33: Cofco Potirendaba | F33: PENTE SUPERIOR CURVO 78" | G33: 1 | H33: 46190 | I33: 46190 | J33: 46233 | L33: OK | M33: OK | N33: =Tabela3[[#This Row],[Prazo Entrega]]-TODAY() -> 3 | O33: =IF(N33<0,"ATRASADO",IF(N33<=15,"ATENÇÃO","NO PRAZO")) -> ATENÇÃO | P33: c/ usinagem | Q33: Enviar Terc. | R33: Retornar | S33: Solda Dura | T33: Acab. | U33: Insp | V33: EM USINAGEM
A34: 1951 | B34: 10 | C34: 1202015 | D34: - | E34: Cofco Potirendaba | F34: PENTE SUPERIOR CURVO 78" | G34: 1 | H34: 46190 | I34: 46190 | J34: 46233 | L34: OK | M34: OK | N34: =Tabela3[[#This Row],[Prazo Entrega]]-TODAY() -> 3 | O34: =IF(N34<0,"ATRASADO",IF(N34<=15,"ATENÇÃO","NO PRAZO")) -> ATENÇÃO | P34: c/ usinagem | Q34: Enviar Terc. | R34: Retornar | S34: Solda Dura | T34: Acab. | U34: Insp | V34: EM USINAGEM
A35: 1951 | B35: 11 | C35: 1202015 | D35: - | E35: Cofco Potirendaba | F35: PENTE SUPERIOR CURVO 78" | G35: 1 | H35: 46190 | I35: 46190 | J35: 46233 | L35: OK | M35: OK | N35: =Tabela3[[#This Row],[Prazo Entrega]]-TODAY() -> 3 | O35: =IF(N35<0,"ATRASADO",IF(N35<=15,"ATENÇÃO","NO PRAZO")) -> ATENÇÃO | P35: c/ usinagem | Q35: Enviar Terc. | R35: Retornar | S35: Solda Dura | T35: Acab. | U35: Insp | V35: EM USINAGEM
A36: 1951 | B36: 12 | C36: 1202015 | D36: - | E36: Cofco Potirendaba | F36: PENTE SUPERIOR CURVO 78" | G36: 1 | H36: 46190 | I36: 46190 | J36: 46233 | L36: OK | M36: OK | N36: =Tabela3[[#This Row],[Prazo Entrega]]-TODAY() -> 3 | O36: =IF(N36<0,"ATRASADO",IF(N36<=15,"ATENÇÃO","NO PRAZO")) -> ATENÇÃO | P36: c/ usinagem | Q36: Enviar Terc. | R36: Retornar | S36: Solda Dura | T36: Acab. | U36: Insp | V36: EM USINAGEM
A37: 1951 | B37: 13 | C37: 1202015 | D37: - | E37: Cofco Potirendaba | F37: PENTE SUPERIOR CURVO 78" | G37: 1 | H37: 46190 | I37: 46190 | J37: 46233 | L37: OK | M37: OK | N37: =Tabela3[[#This Row],[Prazo Entrega]]-TODAY() -> 3 | O37: =IF(N37<0,"ATRASADO",IF(N37<=15,"ATENÇÃO","NO PRAZO")) -> ATENÇÃO | P37: c/ usinagem | Q37: Enviar Terc. | R37: Retornar | S37: Solda Dura | T37: Acab. | U37: Insp | V37: EM USINAGEM
A38: 1031 | B38: 3 | C38: 464066 | D38: 22 | E38: Água Bonita | F38: PENTE SUPERIOR CONVENCIONAL 84" | G38: 1 | H38: 46226 | I38: 46227 | J38: 46266 | L38: OK | M38: OK | N38: =Tabela3[[#This Row],[Prazo Entrega]]-TODAY() -> 36 | O38: =IF(N38<0,"ATRASADO",IF(N38<=15,"ATENÇÃO","NO PRAZO")) -> NO PRAZO | P38: c/ usinagem | Q38: Enviar Terc. | R38: Retornar | S38: Acab. | T38: Insp | V38: EM USINAGEM
A39: 1031 | B39: 4 | C39: 464066 | D39: 23 | E39: Água Bonita | F39: PENTE SUPERIOR CONVENCIONAL 84" | G39: 1 | H39: 46226 | I39: 46227 | J39: 46266 | L39: OK | M39: OK | N39: =Tabela3[[#This Row],[Prazo Entrega]]-TODAY() -> 36 | O39: =IF(N39<0,"ATRASADO",IF(N39<=15,"ATENÇÃO","NO PRAZO")) -> NO PRAZO | P39: c/ usinagem | Q39: Enviar Terc. | R39: Retornar | S39: Acab. | T39: Insp | V39: EM USINAGEM
A40: 1031 | B40: 5 | C40: 464066 | D40: 24 | E40: Água Bonita | F40: PENTE SUPERIOR CONVENCIONAL 84" | G40: 1 | H40: 46226 | I40: 46227 | J40: 46266 | L40: OK | M40: OK | N40: =Tabela3[[#This Row],[Prazo Entrega]]-TODAY() -> 36 | O40: =IF(N40<0,"ATRASADO",IF(N40<=15,"ATENÇÃO","NO PRAZO")) -> NO PRAZO | P40: c/ usinagem | Q40: Enviar Terc. | R40: Retornar | S40: Acab. | T40: Insp | V40: EM USINAGEM
A41: 1031 | B41: 6 | C41: 464066 | D41: 25 | E41: Água Bonita | F41: PENTE SUPERIOR CONVENCIONAL 84" | G41: 1 | H41: 46226 | I41: 46227 | J41: 46266 | L41: OK | M41: OK | N41: =Tabela3[[#This Row],[Prazo Entrega]]-TODAY() -> 36 | O41: =IF(N41<0,"ATRASADO",IF(N41<=15,"ATENÇÃO","NO PRAZO")) -> NO PRAZO | P41: c/ usinagem | Q41: Enviar Terc. | R41: Retornar | S41: Acab. | T41: Insp | V41: EM USINAGEM
A42: 1031 | B42: 7 | C42: 464066 | D42: 26 | E42: Água Bonita | F42: PENTE SUPERIOR CONVENCIONAL 84" | G42: 1 | H42: 46226 | I42: 46227 | J42: 46266 | L42: OK | M42: OK | N42: =Tabela3[[#This Row],[Prazo Entrega]]-TODAY() -> 36 | O42: =IF(N42<0,"ATRASADO",IF(N42<=15,"ATENÇÃO","NO PRAZO")) -> NO PRAZO | P42: c/ usinagem | Q42: Enviar Terc. | R42: Retornar | S42: Acab. | T42: Insp | V42: EM USINAGEM
A43: 1031 | B43: 8 | C43: 464066 | D43: 27 | E43: Água Bonita | F43: PENTE SUPERIOR CONVENCIONAL 84" | G43: 1 | H43: 46226 | I43: 46227 | J43: 46266 | L43: OK | M43: OK | N43: =Tabela3[[#This Row],[Prazo Entrega]]-TODAY() -> 36 | O43: =IF(N43<0,"ATRASADO",IF(N43<=15,"ATENÇÃO","NO PRAZO")) -> NO PRAZO | P43: c/ usinagem | Q43: Enviar Terc. | R43: Retornar | S43: Acab. | T43: Insp | V43: EM USINAGEM
A44: 1031 | B44: 9 | C44: 464066 | D44: 28 | E44: Água Bonita | F44: PENTE INFERIOR CONVENCIONAL 84" | G44: 1 | H44: 46226 | I44: 46227 | J44: 46266 | L44: OK | M44: OK | N44: =Tabela3[[#This Row],[Prazo Entrega]]-TODAY() -> 36 | O44: =IF(N44<0,"ATRASADO",IF(N44<=15,"ATENÇÃO","NO PRAZO")) -> NO PRAZO | P44: c/ usinagem | Q44: Enviar Terc. | R44: Retornar | S44: Acab. | T44: Insp | V44: EM USINAGEM
A45: 1031 | B45: 10 | C45: 464066 | D45: 29 | E45: Água Bonita | F45: PENTE INFERIOR CONVENCIONAL 84" | G45: 1 | H45: 46226 | I45: 46227 | J45: 46266 | L45: OK | M45: OK | N45: =Tabela3[[#This Row],[Prazo Entrega]]-TODAY() -> 36 | O45: =IF(N45<0,"ATRASADO",IF(N45<=15,"ATENÇÃO","NO PRAZO")) -> NO PRAZO | P45: c/ usinagem | Q45: Enviar Terc. | R45: Retornar | S45: Acab. | T45: Insp | V45: EM USINAGEM
A46: 1031 | B46: 11 | C46: 464066 | D46: 30 | E46: Água Bonita | F46: PENTE INFERIOR CONVENCIONAL 84" | G46: 1 | H46: 46226 | I46: 46227 | J46: 46266 | L46: OK | M46: OK | N46: =Tabela3[[#This Row],[Prazo Entrega]]-TODAY() -> 36 | O46: =IF(N46<0,"ATRASADO",IF(N46<=15,"ATENÇÃO","NO PRAZO")) -> NO PRAZO | P46: c/ usinagem | Q46: Enviar Terc. | R46: Retornar | S46: Acab. | T46: Insp | V46: EM USINAGEM
A47: 1031 | B47: 12 | C47: 464066 | D47: 31 | E47: Água Bonita | F47: PENTE INFERIOR CONVENCIONAL 84" | G47: 1 | H47: 46226 | I47: 46227 | J47: 46266 | L47: OK | M47: OK | N47: =Tabela3[[#This Row],[Prazo Entrega]]-TODAY() -> 36 | O47: =IF(N47<0,"ATRASADO",IF(N47<=15,"ATENÇÃO","NO PRAZO")) -> NO PRAZO | P47: c/ usinagem | Q47: Enviar Terc. | R47: Retornar | S47: Acab. | T47: Insp | V47: EM USINAGEM
A48: 1031 | B48: 13 | C48: 464066 | D48: 32 | E48: Água Bonita | F48: PENTE INFERIOR CONVENCIONAL 84" | G48: 1 | H48: 46226 | I48: 46227 | J48: 46266 | L48: OK | M48: OK | N48: =Tabela3[[#This Row],[Prazo Entrega]]-TODAY() -> 36 | O48: =IF(N48<0,"ATRASADO",IF(N48<=15,"ATENÇÃO","NO PRAZO")) -> NO PRAZO | P48: c/ usinagem | Q48: Enviar Terc. | R48: Retornar | S48: Acab. | T48: Insp | V48: EM USINAGEM
A49: 1031 | B49: 14 | C49: 464066 | D49: 33 | E49: Água Bonita | F49: PENTE INFERIOR CONVENCIONAL 84" | G49: 1 | H49: 46226 | I49: 46227 | J49: 46266 | L49: OK | M49: OK | N49: =Tabela3[[#This Row],[Prazo Entrega]]-TODAY() -> 36 | O49: =IF(N49<0,"ATRASADO",IF(N49<=15,"ATENÇÃO","NO PRAZO")) -> NO PRAZO | P49: c/ usinagem | Q49: Enviar Terc. | R49: Retornar | S49: Acab. | T49: Insp | V49: EM USINAGEM
... A51: 1031 | B51: 16 | C51: 464041 | D51: 40 | E51: Água Bonita | F51: PENTE SUPERIOR CONVENCIONAL 1700 | G51: 1 | H51: 46236 | I51: 46227 | J51: 46276 | L51: OK | M51: OK | N51: =Tabela3[[#This Row],[Prazo Entrega]]-TODAY() -> 46 | O51: =IF(N51<0,"ATRASADO",IF(N51<=15,"ATENÇÃO","NO PRAZO")) -> NO PRAZO | P51: c/ usinagem | Q51: Enviar Terc. | R51: Retornar | S51: Acab. | T51: Insp | V51: EM USINAGEM
A52: 1031 | B52: 17 | C52: 464041 | D52: 41 | E52: Água Bonita | F52: PENTE SUPERIOR CONVENCIONAL 1700 | G52: 1 | H52: 46236 | J52: 46276 | L52: OK | M52: OK | N52: =Tabela3[[#This Row],[Prazo Entrega]]-TODAY() -> 46 | O52: =IF(N52<0,"ATRASADO",IF(N52<=15,"ATENÇÃO","NO PRAZO")) -> NO PRAZO | P52: c/ usinagem | Q52: Enviar Terc. | R52: Retornar | S52: Acab. | T52: Insp | V52: AG. FUNDIDO
A53: 1031 | B53: 18 | C53: 464041 | D53: 42 | E53: Água Bonita | F53: PENTE SUPERIOR CONVENCIONAL 1700 | G53: 1 | H53: 46236 | I53: 46227 | J53: 46276 | L53: OK | M53: OK | N53: =Tabela3[[#This Row],[Prazo Entrega]]-TODAY() -> 46 | O53: =IF(N53<0,"ATRASADO",IF(N53<=15,"ATENÇÃO","NO PRAZO")) -> NO PRAZO | P53: c/ usinagem | Q53: Enviar Terc. | R53: Retornar | S53: Acab. | T53: Insp | V53: EM USINAGEM
A54: 1031 | B54: 19 | C54: 464041 | D54: 43 | E54: Água Bonita | F54: PENTE SUPERIOR CONVENCIONAL 1700 | G54: 1 | H54: 46236 | I54: 46227 | J54: 46276 | L54: OK | M54: OK | N54: =Tabela3[[#This Row],[Prazo Entrega]]-TODAY() -> 46 | O54: =IF(N54<0,"ATRASADO",IF(N54<=15,"ATENÇÃO","NO PRAZO")) -> NO PRAZO | P54: c/ usinagem | Q54: Enviar Terc. | R54: Retornar | S54: Acab. | T54: Insp | V54: EM USINAGEM
A55: 1031 | B55: 20 | C55: 464041 | D55: 44 | E55: Água Bonita | F55: PENTE SUPERIOR CONVENCIONAL 1700 | G55: 1 | H55: 46236 | J55: 46276 | L55: OK | M55: OK | N55: =Tabela3[[#This Row],[Prazo Entrega]]-TODAY() -> 46 | O55: =IF(N55<0,"ATRASADO",IF(N55<=15,"ATENÇÃO","NO PRAZO")) -> NO PRAZO | P55: c/ usinagem | Q55: Enviar Terc. | R55: Retornar | S55: Acab. | T55: Insp | V55: AG. FUNDIDO
A56: 1031 | B56: 21 | C56: 464041 | D56: 45 | E56: Água Bonita | F56: PENTE SUPERIOR CONVENCIONAL 1700 | G56: 1 | H56: 46236 | J56: 46276 | L56: OK | M56: OK | N56: =Tabela3[[#This Row],[Prazo Entrega]]-TODAY() -> 46 | O56: =IF(N56<0,"ATRASADO",IF(N56<=15,"ATENÇÃO","NO PRAZO")) -> NO PRAZO | P56: c/ usinagem | Q56: Enviar Terc. | R56: Retornar | S56: Acab. | T56: Insp | V56: AG. FUNDIDO
A57: 1031 | B57: 22 | C57: 464041 | D57: 46 | E57: Água Bonita | F57: PENTE SUPERIOR CONVENCIONAL 1700 | G57: 1 | H57: 46236 | J57: 46276 | L57: OK | M57: OK | N57: =Tabela3[[#This Row],[Prazo Entrega]]-TODAY() -> 46 | O57: =IF(N57<0,"ATRASADO",IF(N57<=15,"ATENÇÃO","NO PRAZO")) -> NO PRAZO | P57: c/ usinagem | Q57: Enviar Terc. | R57: Retornar | S57: Acab. | T57: Insp | V57: AG. FUNDIDO
A58: 1031 | B58: 23 | C58: 464041 | D58: 47 | E58: Água Bonita | F58: PENTE SUPERIOR CONVENCIONAL 1700 | G58: 1 | H58: 46236 | J58: 46276 | L58: OK | M58: OK | N58: =Tabela3[[#This Row],[Prazo Entrega]]-TODAY() -> 46 | O58: =IF(N58<0,"ATRASADO",IF(N58<=15,"ATENÇÃO","NO PRAZO")) -> NO PRAZO | P58: c/ usinagem | Q58: Enviar Terc. | R58: Retornar | S58: Acab. | T58: Insp | V58: AG. FUNDIDO
A59: 1031 | B59: 24 | C59: 464041 | D59: 48 | E59: Água Bonita | F59: PENTE SUPERIOR CONVENCIONAL 1700 | G59: 1 | H59: 46236 | J59: 46276 | L59: OK | M59: OK | N59: =Tabela3[[#This Row],[Prazo Entrega]]-TODAY() -> 46 | O59: =IF(N59<0,"ATRASADO",IF(N59<=15,"ATENÇÃO","NO PRAZO")) -> NO PRAZO | P59: c/ usinagem | Q59: Enviar Terc. | R59: Retornar | S59: Acab. | T59: Insp | V59: AG. FUNDIDO
A60: 1031 | B60: 25 | C60: 464041 | D60: 49 | E60: Água Bonita | F60: PENTE SUPERIOR CONVENCIONAL 1700 | G60: 1 | H60: 46236 | J60: 46276 | L60: OK | M60: OK | N60: =Tabela3[[#This Row],[Prazo Entrega]]-TODAY() -> 46 | O60: =IF(N60<0,"ATRASADO",IF(N60<=15,"ATENÇÃO","NO PRAZO")) -> NO PRAZO | P60: c/ usinagem | Q60: Enviar Terc. | R60: Retornar | S60: Acab. | T60: Insp | V60: AG. FUNDIDO
A61: 1031 | B61: 26 | C61: 464041 | D61: 50 | E61: Água Bonita | F61: PENTE SUPERIOR CONVENCIONAL 1700 | G61: 1 | H61: 46236 | J61: 46276 | L61: OK | M61: OK | N61: =Tabela3[[#This Row],[Prazo Entrega]]-TODAY() -> 46 | O61: =IF(N61<0,"ATRASADO",IF(N61<=15,"ATENÇÃO","NO PRAZO")) -> NO PRAZO | P61: c/ usinagem | Q61: Enviar Terc. | R61: Retornar | S61: Acab. | T61: Insp | V61: AG. FUNDIDO
A62: 1031 | B62: 27 | C62: 464041 | D62: 51 | E62: Água Bonita | F62: PENTE SUPERIOR CONVENCIONAL 1700 | G62: 1 | H62: 46236 | J62: 46276 | L62: OK | M62: OK | N62: =Tabela3[[#This Row],[Prazo Entrega]]-TODAY() -> 46 | O62: =IF(N62<0,"ATRASADO",IF(N62<=15,"ATENÇÃO","NO PRAZO")) -> NO PRAZO | P62: c/ usinagem | Q62: Enviar Terc. | R62: Retornar | S62: Acab. | T62: Insp | V62: AG. FUNDIDO
A63: 1031 | B63: 28 | C63: 464041 | D63: 52 | E63: Água Bonita | F63: PENTE SUPERIOR CONVENCIONAL 1700 | G63: 1 | H63: 46236 | J63: 46276 | L63: OK | M63: OK | N63: =Tabela3[[#This Row],[Prazo Entrega]]-TODAY() -> 46 | O63: =IF(N63<0,"ATRASADO",IF(N63<=15,"ATENÇÃO","NO PRAZO")) -> NO PRAZO | P63: c/ usinagem | Q63: Enviar Terc. | R63: Retornar | S63: Acab. | T63: Insp | V63: AG. FUNDIDO
A64: 1031 | B64: 29 | C64: 464041 | D64: 53 | E64: Água Bonita | F64: PENTE SUPERIOR CONVENCIONAL 1700 | G64: 1 | H64: 46236 | J64: 46276 | L64: OK | M64: OK | N64: =Tabela3[[#This Row],[Prazo Entrega]]-TODAY() -> 46 | O64: =IF(N64<0,"ATRASADO",IF(N64<=15,"ATENÇÃO","NO PRAZO")) -> NO PRAZO | P64: c/ usinagem | Q64: Enviar Terc. | R64: Retornar | S64: Acab. | T64: Insp | V64: AG. FUNDIDO
A65: 1031 | B65: 30 | C65: 464039 | D65: 47 | E65: Água Bonita | F65: PENTE INFERIOR CONVENCIONAL 1700 | G65: 1 | H65: 46246 | J65: 46286 | L65: OK | M65: OK | N65: =Tabela3[[#This Row],[Prazo Entrega]]-TODAY() -> 56 | O65: =IF(N65<0,"ATRASADO",IF(N65<=15,"ATENÇÃO","NO PRAZO")) -> NO PRAZO | P65: c/ usinagem | Q65: Enviar Terc. | R65: Retornar | S65: Acab. | T65: Insp | V65: AG. FUNDIDO
A66: 1031 | B66: 31 | C66: 464039 | D66: 48 | E66: Água Bonita | F66: PENTE INFERIOR CONVENCIONAL 1700 | G66: 1 | H66: 46246 | J66: 46286 | L66: OK | M66: OK | N66: =Tabela3[[#This Row],[Prazo Entrega]]-TODAY() -> 56 | O66: =IF(N66<0,"ATRASADO",IF(N66<=15,"ATENÇÃO","NO PRAZO")) -> NO PRAZO | P66: c/ usinagem | Q66: Enviar Terc. | R66: Retornar | S66: Acab. | T66: Insp | V66: AG. FUNDIDO
... A93: 2333 | B93: 16 | C93: 1484009 | D93: 109 | E93: Ipiranga Passos | F93: PENTE SUPERIOR CONVENCIONAL FR 2"- 66" | G93: 1 | H93: 46269 | J93: 46325 | L93: OK | M93: OK | N93: =Tabela3[[#This Row],[Prazo Entrega]]-TODAY() -> 95 | O93: =IF(N93<0,"ATRASADO",IF(N93<=15,"ATENÇÃO","NO PRAZO")) -> NO PRAZO | P93: c/ usinagem | Q93: Enviar Terc. | R93: Retornar | S93: Acab. | T93: Insp | V93: AG. FUNDIDO
A94: 2333 | B94: 17 | C94: 1484009 | D94: 110 | E94: Ipiranga Passos | F94: PENTE SUPERIOR CONVENCIONAL FR 2"- 66" | G94: 1 | H94: 46269 | I94: 46225 | J94: 46325 | L94: OK | M94: OK | N94: =Tabela3[[#This Row],[Prazo Entrega]]-TODAY() -> 95 | O94: =IF(N94<0,"ATRASADO",IF(N94<=15,"ATENÇÃO","NO PRAZO")) -> NO PRAZO | P94: c/ usinagem | Q94: Enviar Terc. | R94: Retornar | S94: Acab. | T94: Insp | V94: EM USINAGEM
A95: 2333 | B95: 18 | C95: 1484009 | D95: 111 | E95: Ipiranga Passos | F95: PENTE SUPERIOR CONVENCIONAL FR 2"- 66" | G95: 1 | H95: 46269 | I95: 46225 | J95: 46325 | L95: OK | M95: OK | N95: =Tabela3[[#This Row],[Prazo Entrega]]-TODAY() -> 95 | O95: =IF(N95<0,"ATRASADO",IF(N95<=15,"ATENÇÃO","NO PRAZO")) -> NO PRAZO | P95: c/ usinagem | Q95: Enviar Terc. | R95: Retornar | S95: Acab. | T95: Insp | V95: EM USINAGEM
A96: 2333 | B96: 19 | C96: 1484009 | D96: 112 | E96: Ipiranga Passos | F96: PENTE SUPERIOR CONVENCIONAL FR 2"- 66" | G96: 1 | H96: 46269 | I96: 46225 | J96: 46325 | L96: OK | M96: OK | N96: =Tabela3[[#This Row],[Prazo Entrega]]-TODAY() -> 95 | O96: =IF(N96<0,"ATRASADO",IF(N96<=15,"ATENÇÃO","NO PRAZO")) -> NO PRAZO | P96: c/ usinagem | Q96: Enviar Terc. | R96: Retornar | S96: Acab. | T96: Insp | V96: EM USINAGEM
A97: 2333 | B97: 20 | C97: 1484009 | D97: 113 | E97: Ipiranga Passos | F97: PENTE SUPERIOR CONVENCIONAL FR 2"- 66" | G97: 1 | H97: 46269 | I97: 46225 | J97: 46325 | L97: OK | M97: OK | N97: =Tabela3[[#This Row],[Prazo Entrega]]-TODAY() -> 95 | O97: =IF(N97<0,"ATRASADO",IF(N97<=15,"ATENÇÃO","NO PRAZO")) -> NO PRAZO | P97: c/ usinagem | Q97: Enviar Terc. | R97: Retornar | S97: Acab. | T97: Insp | V97: EM USINAGEM
A98: 2333 | B98: 21 | C98: 1484009 | D98: 114 | E98: Ipiranga Passos | F98: PENTE SUPERIOR CONVENCIONAL FR 2"- 66" | G98: 1 | H98: 46269 | J98: 46325 | L98: OK | M98: OK | N98: =Tabela3[[#This Row],[Prazo Entrega]]-TODAY() -> 95 | O98: =IF(N98<0,"ATRASADO",IF(N98<=15,"ATENÇÃO","NO PRAZO")) -> NO PRAZO | P98: c/ usinagem | Q98: Enviar Terc. | R98: Retornar | S98: Acab. | T98: Insp | V98: AG. FUNDIDO
A99: 2333 | B99: 22 | C99: 1484009 | D99: 115 | E99: Ipiranga Passos | F99: PENTE SUPERIOR CONVENCIONAL FR 2"- 66" | G99: 1 | H99: 46269 | J99: 46325 | L99: OK | M99: OK | N99: =Tabela3[[#This Row],[Prazo Entrega]]-TODAY() -> 95 | O99: =IF(N99<0,"ATRASADO",IF(N99<=15,"ATENÇÃO","NO PRAZO")) -> NO PRAZO | P99: c/ usinagem | Q99: Enviar Terc. | R99: Retornar | S99: Acab. | T99: Insp | V99: AG. FUNDIDO
A100: 2333 | B100: 23 | C100: 1484009 | D100: 116 | E100: Ipiranga Passos | F100: PENTE SUPERIOR CONVENCIONAL FR 2"- 66" | G100: 1 | H100: 46269 | I100: 46225 | J100: 46325 | L100: OK | M100: OK | N100: =Tabela3[[#This Row],[Prazo Entrega]]-TODAY() -> 95 | O100: =IF(N100<0,"ATRASADO",IF(N100<=15,"ATENÇÃO","NO PRAZO")) -> NO PRAZO | P100: c/ usinagem | Q100: Enviar Terc. | R100: Retornar | S100: Acab. | T100: Insp | V100: EM USINAGEM
A101: 2333 | B101: 24 | C101: 1484009 | D101: 117 | E101: Ipiranga Passos | F101: PENTE SUPERIOR CONVENCIONAL FR 2"- 66" | G101: 1 | H101: 46269 | I101: 46225 | J101: 46325 | L101: OK | M101: OK | N101: =Tabela3[[#This Row],[Prazo Entrega]]-TODAY() -> 95 | O101: =IF(N101<0,"ATRASADO",IF(N101<=15,"ATENÇÃO","NO PRAZO")) -> NO PRAZO | P101: c/ usinagem | Q101: Enviar Terc. | R101: Retornar | S101: Acab. | T101: Insp | V101: EM USINAGEM
A102: 2333 | B102: 25 | C102: 1484009 | D102: 118 | E102: Ipiranga Passos | F102: PENTE SUPERIOR CONVENCIONAL FR 2"- 66" | G102: 1 | H102: 46269 | J102: 46325 | L102: OK | M102: OK | N102: =Tabela3[[#This Row],[Prazo Entrega]]-TODAY() -> 95 | O102: =IF(N102<0,"ATRASADO",IF(N102<=15,"ATENÇÃO","NO PRAZO")) -> NO PRAZO | P102: c/ usinagem | Q102: Enviar Terc. | R102: Retornar | S102: Acab. | T102: Insp | V102: AG. FUNDIDO
A103: 2333 | B103: 26 | C103: 1484009 | D103: 119 | E103: Ipiranga Passos | F103: PENTE SUPERIOR CONVENCIONAL FR 2"- 66" | G103: 1 | H103: 46269 | J103: 46325 | L103: OK | M103: OK | N103: =Tabela3[[#This Row],[Prazo Entrega]]-TODAY() -> 95 | O103: =IF(N103<0,"ATRASADO",IF(N103<=15,"ATENÇÃO","NO PRAZO")) -> NO PRAZO | P103: c/ usinagem | Q103: Enviar Terc. | R103: Retornar | S103: Acab. | T103: Insp | V103: AG. FUNDIDO
A104: 2333 | B104: 27 | C104: 1484009 | D104: 120 | E104: Ipiranga Passos | F104: PENTE SUPERIOR CONVENCIONAL FR 2"- 66" | G104: 1 | H104: 46269 | I104: 46227 | J104: 46325 | L104: OK | M104: OK | N104: =Tabela3[[#This Row],[Prazo Entrega]]-TODAY() -> 95 | O104: =IF(N104<0,"ATRASADO",IF(N104<=15,"ATENÇÃO","NO PRAZO")) -> NO PRAZO | P104: c/ usinagem | Q104: Enviar Terc. | R104: Retornar | S104: Acab. | T104: Insp | V104: EM USINAGEM
A105: 2333 | B105: 28 | C105: 1484009 | D105: 121 | E105: Ipiranga Passos | F105: PENTE INFERIOR CONVENCIONAL FR 2"- 66" | G105: 1 | H105: 46269 | J105: 46325 | L105: OK | M105: OK | N105: =Tabela3[[#This Row],[Prazo Entrega]]-TODAY() -> 95 | O105: =IF(N105<0,"ATRASADO",IF(N105<=15,"ATENÇÃO","NO PRAZO")) -> NO PRAZO | P105: c/ usinagem | Q105: Enviar Terc. | R105: Retornar | S105: Acab. | T105: Insp | V105: AG. FUNDIDO
A106: 2333 | B106: 29 | C106: 1484009 | D106: 122 | E106: Ipiranga Passos | F106: PENTE INFERIOR CONVENCIONAL FR 2"- 66" | G106: 1 | H106: 46269 | I106: 46225 | J106: 46325 | L106: OK | M106: OK | N106: =Tabela3[[#This Row],[Prazo Entrega]]-TODAY() -> 95 | O106: =IF(N106<0,"ATRASADO",IF(N106<=15,"ATENÇÃO","NO PRAZO")) -> NO PRAZO | P106: c/ usinagem | Q106: Enviar Terc. | R106: Retornar | S106: Acab. | T106: Insp | V106: EM USINAGEM
A107: 2333 | B107: 30 | C107: 1484009 | D107: 123 | E107: Ipiranga Passos | F107: PENTE INFERIOR CONVENCIONAL FR 2"- 66" | G107: 1 | H107: 46269 | J107: 46325 | L107: OK | M107: OK | N107: =Tabela3[[#This Row],[Prazo Entrega]]-TODAY() -> 95 | O107: =IF(N107<0,"ATRASADO",IF(N107<=15,"ATENÇÃO","NO PRAZO")) -> NO PRAZO | P107: c/ usinagem | Q107: Enviar Terc. | R107: Retornar | S107: Acab. | T107: Insp | V107: AG. FUNDIDO
A108: 2333 | B108: 31 | C108: 1484009 | D108: 124 | E108: Ipiranga Passos | F108: PENTE INFERIOR CONVENCIONAL FR 2"- 66" | G108: 1 | H108: 46269 | I108: 46225 | J108: 46325 | L108: OK | M108: OK | N108: =Tabela3[[#This Row],[Prazo Entrega]]-TODAY() -> 95 | O108: =IF(N108<0,"ATRASADO",IF(N108<=15,"ATENÇÃO","NO PRAZO")) -> NO PRAZO | P108: c/ usinagem | Q108: Enviar Terc. | R108: Retornar | S108: Acab. | T108: Insp | V108: EM USINAGEM
A109: 2333 | B109: 32 | C109: 1484009 | D109: 125 | E109: Ipiranga Passos | F109: PENTE INFERIOR CONVENCIONAL FR 2"- 66" | G109: 1 | H109: 46269 | J109: 46325 | L109: OK | M109: OK | N109: =Tabela3[[#This Row],[Prazo Entrega]]-TODAY() -> 95 | O109: =IF(N109<0,"ATRASADO",IF(N109<=15,"ATENÇÃO","NO PRAZO")) -> NO PRAZO | P109: c/ usinagem | Q109: Enviar Terc. | R109: Retornar | S109: Acab. | T109: Insp | V109: AG. FUNDIDO
A110: 2333 | B110: 33 | C110: 1484009 | D110: 126 | E110: Ipiranga Passos | F110: PENTE INFERIOR CONVENCIONAL FR 2"- 66" | G110: 1 | H110: 46269 | I110: 46225 | J110: 46325 | L110: OK | M110: OK | N110: =Tabela3[[#This Row],[Prazo Entrega]]-TODAY() -> 95 | O110: =IF(N110<0,"ATRASADO",IF(N110<=15,"ATENÇÃO","NO PRAZO")) -> NO PRAZO | P110: c/ usinagem | Q110: Enviar Terc. | R110: Retornar | S110: Acab. | T110: Insp | V110: EM USINAGEM
A111: 2333 | B111: 34 | C111: 1484009 | D111: 127 | E111: Ipiranga Passos | F111: PENTE INFERIOR CONVENCIONAL FR 2"- 66" | G111: 1 | H111: 46269 | I111: 46225 | J111: 46325 | L111: OK | M111: OK | N111: =Tabela3[[#This Row],[Prazo Entrega]]-TODAY() -> 95 | O111: =IF(N111<0,"ATRASADO",IF(N111<=15,"ATENÇÃO","NO PRAZO")) -> NO PRAZO | P111: c/ usinagem | Q111: Enviar Terc. | R111: Retornar | S111: Acab. | T111: Insp | V111: EM USINAGEM
A112: 2333 | B112: 35 | C112: 1484009 | D112: 128 | E112: Ipiranga Passos | F112: PENTE INFERIOR CONVENCIONAL FR 2"- 66" | G112: 1 | H112: 46269 | J112: 46325 | L112: OK | M112: OK | N112: =Tabela3[[#This Row],[Prazo Entrega]]-TODAY() -> 95 | O112: =IF(N112<0,"ATRASADO",IF(N112<=15,"ATENÇÃO","NO PRAZO")) -> NO PRAZO | P112: c/ usinagem | Q112: Enviar Terc. | R112: Retornar | S112: Acab. | T112: Insp | V112: AG. FUNDIDO
A113: 2333 | B113: 36 | C113: 1484009 | D113: 129 | E113: Ipiranga Passos | F113: PENTE INFERIOR CONVENCIONAL FR 2"- 66" | G113: 1 | H113: 46269 | I113: 46227 | J113: 46325 | L113: OK | M113: OK | N113: =Tabela3[[#This Row],[Prazo Entrega]]-TODAY() -> 95 | O113: =IF(N113<0,"ATRASADO",IF(N113<=15,"ATENÇÃO","NO PRAZO")) -> NO PRAZO | P113: c/ usinagem | Q113: Enviar Terc. | R113: Retornar | S113: Acab. | T113: Insp | V113: EM USINAGEM
A114: 2333 | B114: 37 | C114: 1484009 | D114: 130 | E114: Ipiranga Passos | F114: PENTE INFERIOR CONVENCIONAL FR 2"- 66" | G114: 1 | H114: 46269 | J114: 46325 | L114: OK | M114: OK | N114: =Tabela3[[#This Row],[Prazo Entrega]]-TODAY() -> 95 | O114: =IF(N114<0,"ATRASADO",IF(N114<=15,"ATENÇÃO","NO PRAZO")) -> NO PRAZO | P114: c/ usinagem | Q114: Enviar Terc. | R114: Retornar | S114: Acab. | T114: Insp | V114: AG. FUNDIDO
A115: 2333 | B115: 38 | C115: 1484009 | D115: 131 | E115: Ipiranga Passos | F115: PENTE INFERIOR CONVENCIONAL FR 2"- 66" | G115: 1 | H115: 46269 | J115: 46325 | L115: OK | M115: OK | N115: =Tabela3[[#This Row],[Prazo Entrega]]-TODAY() -> 95 | O115: =IF(N115<0,"ATRASADO",IF(N115<=15,"ATENÇÃO","NO PRAZO")) -> NO PRAZO | P115: c/ usinagem | Q115: Enviar Terc. | R115: Retornar | S115: Acab. | T115: Insp | V115: AG. FUNDIDO
A116: 2333 | B116: 39 | C116: 1484009 | D116: 132 | E116: Ipiranga Passos | F116: PENTE SUPERIOR CONVENCIONAL FR 1.5" - 66" | G116: 1 | H116: 46269 | I116: 46227 | J116: 46325 | L116: OK | M116: OK | N116: =Tabela3[[#This Row],[Prazo Entrega]]-TODAY() -> 95 | O116: =IF(N116<0,"ATRASADO",IF(N116<=15,"ATENÇÃO","NO PRAZO")) -> NO PRAZO | P116: c/ usinagem | Q116: Enviar Terc. | R116: Retornar | S116: Acab. | T116: Insp | V116: EM USINAGEM
A117: 2333 | B117: 40 | C117: 1484009 | D117: 133 | E117: Ipiranga Passos | F117: PENTE SUPERIOR CONVENCIONAL FR 1.5" - 66" | G117: 1 | H117: 46269 | I117: 46227 | J117: 46325 | L117: OK | M117: OK | N117: =Tabela3[[#This Row],[Prazo Entrega]]-TODAY() -> 95 | O117: =IF(N117<0,"ATRASADO",IF(N117<=15,"ATENÇÃO","NO PRAZO")) -> NO PRAZO | P117: c/ usinagem | Q117: Enviar Terc. | R117: Retornar | S117: Acab. | T117: Insp | V117: EM USINAGEM
A118: 2333 | B118: 41 | C118: 1484009 | D118: 134 | E118: Ipiranga Passos | F118: PENTE SUPERIOR CONVENCIONAL FR 1.5" - 66" | G118: 1 | H118: 46269 | J118: 46325 | L118: OK | M118: OK | N118: =Tabela3[[#This Row],[Prazo Entrega]]-TODAY() -> 95 | O118: =IF(N118<0,"ATRASADO",IF(N118<=15,"ATENÇÃO","NO PRAZO")) -> NO PRAZO | P118: c/ usinagem | Q118: Enviar Terc. | R118: Retornar | S118: Acab. | T118: Insp | V118: AG. FUNDIDO
A119: 2333 | B119: 42 | C119: 1484009 | D119: 135 | E119: Ipiranga Passos | F119: PENTE SUPERIOR CONVENCIONAL FR 1.5" - 66" | G119: 1 | H119: 46269 | J119: 46325 | L119: OK | M119: OK | N119: =Tabela3[[#This Row],[Prazo Entrega]]-TODAY() -> 95 | O119: =IF(N119<0,"ATRASADO",IF(N119<=15,"ATENÇÃO","NO PRAZO")) -> NO PRAZO | P119: c/ usinagem | Q119: Enviar Terc. | R119: Retornar | S119: Acab. | T119: Insp | V119: AG. FUNDIDO
A120: 2333 | B120: 43 | C120: 1484009 | D120: 136 | E120: Ipiranga Passos | F120: PENTE SUPERIOR CONVENCIONAL FR 1.5" - 66" | G120: 1 | H120: 46269 | J120: 46325 | L120: OK | M120: OK | N120: =Tabela3[[#This Row],[Prazo Entrega]]-TODAY() -> 95 | O120: =IF(N120<0,"ATRASADO",IF(N120<=15,"ATENÇÃO","NO PRAZO")) -> NO PRAZO | P120: c/ usinagem | Q120: Enviar Terc. | R120: Retornar | S120: Acab. | T120: Insp | V120: AG. FUNDIDO
A121: 2333 | B121: 44 | C121: 1484009 | D121: 137 | E121: Ipiranga Passos | F121: PENTE SUPERIOR CONVENCIONAL FR 1.5" - 66" | G121: 1 | H121: 46269 | J121: 46325 | L121: OK | M121: OK | N121: =Tabela3[[#This Row],[Prazo Entrega]]-TODAY() -> 95 | O121: =IF(N121<0,"ATRASADO",IF(N121<=15,"ATENÇÃO","NO PRAZO")) -> NO PRAZO | P121: c/ usinagem | Q121: Enviar Terc. | R121: Retornar | S121: Acab. | T121: Insp | V121: AG. FUNDIDO
A122: 2333 | B122: 45 | C122: 1484009 | D122: 138 | E122: Ipiranga Passos | F122: PENTE SUPERIOR CONVENCIONAL FR 1.5" - 66" | G122: 1 | H122: 46269 | I122: 46227 | J122: 46325 | L122: OK | M122: OK | N122: =Tabela3[[#This Row],[Prazo Entrega]]-TODAY() -> 95 | O122: =IF(N122<0,"ATRASADO",IF(N122<=15,"ATENÇÃO","NO PRAZO")) -> NO PRAZO | P122: c/ usinagem | Q122: Enviar Terc. | R122: Retornar | S122: Acab. | T122: Insp | V122: EM USINAGEM
A123: 2333 | B123: 46 | C123: 1484009 | D123: 139 | E123: Ipiranga Passos | F123: PENTE SUPERIOR CONVENCIONAL FR 1.5" - 66" | G123: 1 | H123: 46269 | I123: 46227 | J123: 46325 | L123: OK | M123: OK | N123: =Tabela3[[#This Row],[Prazo Entrega]]-TODAY() -> 95 | O123: =IF(N123<0,"ATRASADO",IF(N123<=15,"ATENÇÃO","NO PRAZO")) -> NO PRAZO | P123: c/ usinagem | Q123: Enviar Terc. | R123: Retornar | S123: Acab. | T123: Insp | V123: EM USINAGEM
A124: 2333 | B124: 47 | C124: 1484009 | D124: 140 | E124: Ipiranga Passos | F124: PENTE INFERIOR CONVENCIONAL FR 1.5" - 66" | G124: 1 | H124: 46269 | I124: 46227 | J124: 46325 | L124: OK | M124: OK | N124: =Tabela3[[#This Row],[Prazo Entrega]]-TODAY() -> 95 | O124: =IF(N124<0,"ATRASADO",IF(N124<=15,"ATENÇÃO","NO PRAZO")) -> NO PRAZO | P124: c/ usinagem | Q124: Enviar Terc. | R124: Retornar | S124: Acab. | T124: Insp | V124: EM USINAGEM
A125: 2333 | B125: 48 | C125: 1484009 | D125: 141 | E125: Ipiranga Passos | F125: PENTE INFERIOR CONVENCIONAL FR 1.5" - 66" | G125: 1 | H125: 46269 | J125: 46325 | L125: OK | M125: OK | N125: =Tabela3[[#This Row],[Prazo Entrega]]-TODAY() -> 95 | O125: =IF(N125<0,"ATRASADO",IF(N125<=15,"ATENÇÃO","NO PRAZO")) -> NO PRAZO | P125: c/ usinagem | Q125: Enviar Terc. | R125: Retornar | S125: Acab. | T125: Insp | V125: AG. FUNDIDO
A126: 2333 | B126: 49 | C126: 1484009 | D126: 142 | E126: Ipiranga Passos | F126: PENTE INFERIOR CONVENCIONAL FR 1.5" - 66" | G126: 1 | H126: 46269 | I126: 46227 | J126: 46325 | L126: OK | M126: OK | N126: =Tabela3[[#This Row],[Prazo Entrega]]-TODAY() -> 95 | O126: =IF(N126<0,"ATRASADO",IF(N126<=15,"ATENÇÃO","NO PRAZO")) -> NO PRAZO | P126: c/ usinagem | Q126: Enviar Terc. | R126: Retornar | S126: Acab. | T126: Insp | V126: EM USINAGEM
A127: 2333 | B127: 50 | C127: 1484009 | D127: 143 | E127: Ipiranga Passos | F127: PENTE INFERIOR CONVENCIONAL FR 1.5" - 66" | G127: 1 | H127: 46269 | I127: 46227 | J127: 46325 | L127: OK | M127: OK | N127: =Tabela3[[#This Row],[Prazo Entrega]]-TODAY() -> 95 | O127: =IF(N127<0,"ATRASADO",IF(N127<=15,"ATENÇÃO","NO PRAZO")) -> NO PRAZO | P127: c/ usinagem | Q127: Enviar Terc. | R127: Retornar | S127: Acab. | T127: Insp | V127: EM USINAGEM
...

Sheet RODETES NOVOS
A1: PV | B1: Item | C1: OS/ Peça | D1: Seq. | E1: Cliente | F1: Descrição | G1: Qtd. | H1: Data Prev. Fundido | I1: Data Real Fundido | J1: Data Prev. Entrega | K1: Data Real Entrega | L1: Falta Dias | M1: Indicador | N1: Condição | O1: Desenho Previsão | P1: Des. | Q1: OP1 | R1: OP2 | S1: OP3 | T1: OP4 | U1: OP5 | V1: OP6 | W1: OP7 | X1: Status Usinagem | Y1: Observação
A2: 2233 | B2: 1 | C2: 250039 | D2: 1 | E2: Coprodria | F2: RODETE MDA Z15 Ø1320MM 78" | G2: 1 | H2: 46209 | J2: 46269 | L2: =Tabela13[[#This Row],[Data Prev. Entrega]]-TODAY() -> 39 | M2: =IF(L2<0,"ATRASADO",IF(L2<=15,"ATENÇÃO","NO PRAZO")) -> NO PRAZO | N2: c/ usinagem | O2: OK | P2: OK | Q2: Desb | R2: Envia T.T. | S2: Retorno T.T. | T2: Torno | U2: F. Dente | V2: Acab. | W2: Insp. | X2: =IF(I2="","AG. FUNDIDO",IF(W2="OK","LIBERADA","EM USINAGEM")) -> AG. FUNDIDO
A3: 2233 | B3: 2 | C3: 250040 | D3: 1 | E3: Coprodria | F3: RODETE MDA Z15 Ø1280MM 78" | G3: 1 | H3: 46209 | J3: 46269 | L3: =Tabela13[[#This Row],[Data Prev. Entrega]]-TODAY() -> 39 | M3: =IF(L3<0,"ATRASADO",IF(L3<=15,"ATENÇÃO","NO PRAZO")) -> NO PRAZO | N3: c/ usinagem | O3: OK | P3: OK | Q3: Desb | R3: Envia T.T. | S3: Retorno T.T. | T3: Torno | U3: F. Dente | V3: Acab. | W3: Insp. | X3: =IF(I3="","AG. FUNDIDO",IF(W3="OK","LIBERADA","EM USINAGEM")) -> AG. FUNDIDO
A4: 2284 | B4: 1 | C4: 212076 | D4: 1 | E4: Simisa | F4: RODETE MDA Z15 (BRUTO) | G4: 1 | H4: 46239 | J4: 46239 | L4: =Tabela13[[#This Row],[Data Prev. Entrega]]-TODAY() -> 9 | M4: =IF(L4<0,"ATRASADO",IF(L4<=15,"ATENÇÃO","NO PRAZO")) -> ATENÇÃO | N4: Bruto | O4: - | P4: - | Q4: - | R4: - | S4: - | T4: - | U4: - | V4: - | W4: - | X4: =IF(I4="","AG. FUNDIDO",IF(W4="OK","LIBERADA","EM USINAGEM")) -> AG. FUNDIDO
A5: 2284 | B5: 2 | C5: 212076 | D5: 2 | E5: Simisa | F5: RODETE MDA Z15 (BRUTO) | G5: 1 | H5: 46239 | J5: 46239 | L5: =Tabela13[[#This Row],[Data Prev. Entrega]]-TODAY() -> 9 | M5: =IF(L5<0,"ATRASADO",IF(L5<=15,"ATENÇÃO","NO PRAZO")) -> ATENÇÃO | N5: Bruto | O5: - | P5: - | Q5: - | R5: - | S5: - | T5: - | U5: - | V5: - | W5: - | X5: =IF(I5="","AG. FUNDIDO",IF(W5="OK","LIBERADA","EM USINAGEM")) -> AG. FUNDIDO
A6: 2284 | B6: 3 | C6: 212076 | D6: 3 | E6: Simisa | F6: RODETE MDA Z15 (BRUTO) | G6: 1 | H6: 46239 | J6: 46239 | L6: =Tabela13[[#This Row],[Data Prev. Entrega]]-TODAY() -> 9 | M6: =IF(L6<0,"ATRASADO",IF(L6<=15,"ATENÇÃO","NO PRAZO")) -> ATENÇÃO | N6: Bruto | O6: - | P6: - | Q6: - | R6: - | S6: - | T6: - | U6: - | V6: - | W6: - | X6: =IF(I6="","AG. FUNDIDO",IF(W6="OK","LIBERADA","EM USINAGEM")) -> AG. FUNDIDO
A7: 2284 | B7: 4 | C7: 212077 | D7: 1 | E7: Simisa | F7: RODETE MDA Z15 (BRUTO) | G7: 1 | H7: 46295 | J7: 46295 | L7: =Tabela13[[#This Row],[Data Prev. Entrega]]-TODAY() -> 65 | M7: =IF(L7<0,"ATRASADO",IF(L7<=15,"ATENÇÃO","NO PRAZO")) -> NO PRAZO | N7: Bruto | O7: - | P7: - | Q7: - | R7: - | S7: - | T7: - | U7: - | V7: - | W7: - | X7: =IF(I7="","AG. FUNDIDO",IF(W7="OK","LIBERADA","EM USINAGEM")) -> AG. FUNDIDO
A8: 2284 | B8: 5 | C8: 212078 | D8: 1 | E8: Simisa | F8: RODETE MDA Z15 (BRUTO) | G8: 1 | H8: 46239 | J8: 46239 | L8: =Tabela13[[#This Row],[Data Prev. Entrega]]-TODAY() -> 9 | M8: =IF(L8<0,"ATRASADO",IF(L8<=15,"ATENÇÃO","NO PRAZO")) -> ATENÇÃO | N8: Bruto | O8: - | P8: - | Q8: - | R8: - | S8: - | T8: - | U8: - | V8: - | W8: - | X8: =IF(I8="","AG. FUNDIDO",IF(W8="OK","LIBERADA","EM USINAGEM")) -> AG. FUNDIDO
A9: 2284 | B9: 6 | C9: 212079 | D9: 1 | E9: Simisa | F9: RODETE MDA Z15 (BRUTO) | G9: 1 | H9: 46266 | J9: 46266 | L9: =Tabela13[[#This Row],[Data Prev. Entrega]]-TODAY() -> 36 | M9: =IF(L9<0,"ATRASADO",IF(L9<=15,"ATENÇÃO","NO PRAZO")) -> NO PRAZO | N9: Bruto | O9: - | P9: - | Q9: - | R9: - | S9: - | T9: - | U9: - | V9: - | W9: - | X9: =IF(I9="","AG. FUNDIDO",IF(W9="OK","LIBERADA","EM USINAGEM")) -> AG. FUNDIDO
A10: 2284 | B10: 7 | C10: 212078 | D10: 2 | E10: Simisa | F10: RODETE MDA Z15 (BRUTO) | G10: 1 | H10: 46266 | J10: 46266 | L10: =Tabela13[[#This Row],[Data Prev. Entrega]]-TODAY() -> 36 | M10: =IF(L10<0,"ATRASADO",IF(L10<=15,"ATENÇÃO","NO PRAZO")) -> NO PRAZO | N10: Bruto | O10: - | P10: - | Q10: - | R10: - | S10: - | T10: - | U10: - | V10: - | W10: - | X10: =IF(I10="","AG. FUNDIDO",IF(W10="OK","LIBERADA","EM USINAGEM")) -> AG. FUNDIDO
A11: 2284 | B11: 8 | C11: 212080 | D11: 1 | E11: Simisa | F11: RODETE MDA Z15 (BRUTO) | G11: 1 | H11: 46266 | J11: 46266 | L11: =Tabela13[[#This Row],[Data Prev. Entrega]]-TODAY() -> 36 | M11: =IF(L11<0,"ATRASADO",IF(L11<=15,"ATENÇÃO","NO PRAZO")) -> NO PRAZO | N11: Bruto | O11: - | P11: - | Q11: - | R11: - | S11: - | T11: - | U11: - | V11: - | W11: - | X11: =IF(I11="","AG. FUNDIDO",IF(W11="OK","LIBERADA","EM USINAGEM")) -> AG. FUNDIDO
A12: 2284 | B12: 9 | C12: 212080 | D12: 2 | E12: Simisa | F12: RODETE MDA Z15 (BRUTO) | G12: 1 | H12: 46266 | J12: 46266 | L12: =Tabela13[[#This Row],[Data Prev. Entrega]]-TODAY() -> 36 | M12: =IF(L12<0,"ATRASADO",IF(L12<=15,"ATENÇÃO","NO PRAZO")) -> NO PRAZO | N12: Bruto | O12: - | P12: - | Q12: - | R12: - | S12: - | T12: - | U12: - | V12: - | W12: - | X12: =IF(I12="","AG. FUNDIDO",IF(W12="OK","LIBERADA","EM USINAGEM")) -> AG. FUNDIDO
A13: 2284 | B13: 10 | C13: 212080 | D13: 3 | E13: Simisa | F13: RODETE MDA Z15 (BRUTO) | G13: 1 | H13: 46266 | J13: 46266 | L13: =Tabela13[[#This Row],[Data Prev. Entrega]]-TODAY() -> 36 | M13: =IF(L13<0,"ATRASADO",IF(L13<=15,"ATENÇÃO","NO PRAZO")) -> NO PRAZO | N13: Bruto | O13: - | P13: - | Q13: - | R13: - | S13: - | T13: - | U13: - | V13: - | W13: - | X13: =IF(I13="","AG. FUNDIDO",IF(W13="OK","LIBERADA","EM USINAGEM")) -> AG. FUNDIDO
... A16: 2284 | B16: 13 | C16: 212080 | D16: 6 | E16: Simisa | F16: RODETE MDA Z15 (BRUTO) | G16: 1 | H16: 46295 | J16: 46295 | L16: =Tabela13[[#This Row],[Data Prev. Entrega]]-TODAY() -> 65 | M16: =IF(L16<0,"ATRASADO",IF(L16<=15,"ATENÇÃO","NO PRAZO")) -> NO PRAZO | N16: Bruto | O16: - | P16: - | Q16: - | R16: - | S16: - | T16: - | U16: - | V16: - | W16: - | X16: =IF(I16="","AG. FUNDIDO",IF(W16="OK","LIBERADA","EM USINAGEM")) -> AG. FUNDIDO
A17: 2320 | B17: 1 | C17: 1127009 | D17: 1 | E17: São João Araras | F17: RODETE PRESSÃO Z20 - 78" | G17: 1 | H17: 46249 | J17: 46280 | L17: =Tabela13[[#This Row],[Data Prev. Entrega]]-TODAY() -> 50 | M17: =IF(L17<0,"ATRASADO",IF(L17<=15,"ATENÇÃO","NO PRAZO")) -> NO PRAZO | N17: c/ usinagem | O17: =Tabela13[[#This Row],[Data Prev. Fundido]]-10 -> 46239 | P17: AG | Q17: Desb | R17: Envia T.T. | S17: Retorno T.T. | T17: Torno | U17: F. Dente | V17: Acab. | W17: Insp. | X17: =IF(I17="","AG. FUNDIDO",IF(W17="OK","LIBERADA","EM USINAGEM")) -> AG. FUNDIDO
A18: 2320 | B18: 2 | C18: 1127003 | D18: 11 | E18: São João Araras | F18: RODETE PRESSÃO Z15 - 84" | G18: 1 | H18: 46249 | J18: 46280 | L18: =Tabela13[[#This Row],[Data Prev. Entrega]]-TODAY() -> 50 | M18: =IF(L18<0,"ATRASADO",IF(L18<=15,"ATENÇÃO","NO PRAZO")) -> NO PRAZO | N18: c/ usinagem | O18: =Tabela13[[#This Row],[Data Prev. Fundido]]-10 -> 46239 | P18: AG | Q18: Desb | R18: Envia T.T. | S18: Retorno T.T. | T18: Torno | U18: F. Dente | V18: Acab. | W18: Insp. | X18: =IF(I18="","AG. FUNDIDO",IF(W18="OK","LIBERADA","EM USINAGEM")) -> AG. FUNDIDO
A19: 2320 | B19: 3 | C19: 1127003 | D19: 12 | E19: São João Araras | F19: RODETE MOENDA Z15 - 84" | G19: 1 | H19: 46249 | J19: 46280 | L19: =Tabela13[[#This Row],[Data Prev. Entrega]]-TODAY() -> 50 | M19: =IF(L19<0,"ATRASADO",IF(L19<=15,"ATENÇÃO","NO PRAZO")) -> NO PRAZO | N19: c/ usinagem | O19: =Tabela13[[#This Row],[Data Prev. Fundido]]-10 -> 46239 | P19: AG | Q19: Desb | R19: Envia T.T. | S19: Retorno T.T. | T19: Torno | U19: F. Dente | V19: Acab. | W19: Insp. | X19: =IF(I19="","AG. FUNDIDO",IF(W19="OK","LIBERADA","EM USINAGEM")) -> AG. FUNDIDO
A20: 2320 | B20: 4 | C20: 1127003 | D20: 13 | E20: São João Araras | F20: RODETE MOENDA Z15 - 84" | G20: 1 | H20: 46249 | J20: 46280 | L20: =Tabela13[[#This Row],[Data Prev. Entrega]]-TODAY() -> 50 | M20: =IF(L20<0,"ATRASADO",IF(L20<=15,"ATENÇÃO","NO PRAZO")) -> NO PRAZO | N20: c/ usinagem | O20: =Tabela13[[#This Row],[Data Prev. Fundido]]-10 -> 46239 | P20: AG | Q20: Desb | R20: Envia T.T. | S20: Retorno T.T. | T20: Torno | U20: F. Dente | V20: Acab. | W20: Insp. | X20: =IF(I20="","AG. FUNDIDO",IF(W20="OK","LIBERADA","EM USINAGEM")) -> AG. FUNDIDO
A21: 2320 | B21: 5 | C21: 1127005 | D21: 12 | E21: São João Araras | F21: RODETE MOENDA Z15 - 84" | G21: 1 | H21: 46249 | J21: 46280 | L21: =Tabela13[[#This Row],[Data Prev. Entrega]]-TODAY() -> 50 | M21: =IF(L21<0,"ATRASADO",IF(L21<=15,"ATENÇÃO","NO PRAZO")) -> NO PRAZO | N21: c/ usinagem | O21: =Tabela13[[#This Row],[Data Prev. Fundido]]-10 -> 46239 | P21: AG | Q21: Desb | R21: Envia T.T. | S21: Retorno T.T. | T21: Torno | U21: F. Dente | V21: Acab. | W21: Insp. | X21: =IF(I21="","AG. FUNDIDO",IF(W21="OK","LIBERADA","EM USINAGEM")) -> AG. FUNDIDO
A22: 2320 | B22: 6 | C22: 1127005 | D22: 13 | E22: São João Araras | F22: RODETE MOENDA Z15 - 84" | G22: 1 | H22: 46249 | J22: 46280 | L22: =Tabela13[[#This Row],[Data Prev. Entrega]]-TODAY() -> 50 | M22: =IF(L22<0,"ATRASADO",IF(L22<=15,"ATENÇÃO","NO PRAZO")) -> NO PRAZO | N22: c/ usinagem | O22: =Tabela13[[#This Row],[Data Prev. Fundido]]-10 -> 46239 | P22: AG | Q22: Desb | R22: Envia T.T. | S22: Retorno T.T. | T22: Torno | U22: F. Dente | V22: Acab. | W22: Insp. | X22: =IF(I22="","AG. FUNDIDO",IF(W22="OK","LIBERADA","EM USINAGEM")) -> AG. FUNDIDO
A23: 2320 | B23: 7 | C23: 1127005 | D23: 14 | E23: São João Araras | F23: RODETE MOENDA Z15 - 84" | G23: 1 | H23: 46249 | J23: 46280 | L23: =Tabela13[[#This Row],[Data Prev. Entrega]]-TODAY() -> 50 | M23: =IF(L23<0,"ATRASADO",IF(L23<=15,"ATENÇÃO","NO PRAZO")) -> NO PRAZO | N23: c/ usinagem | O23: =Tabela13[[#This Row],[Data Prev. Fundido]]-10 -> 46239 | P23: AG | Q23: Desb | R23: Envia T.T. | S23: Retorno T.T. | T23: Torno | U23: F. Dente | V23: Acab. | W23: Insp. | X23: =IF(I23="","AG. FUNDIDO",IF(W23="OK","LIBERADA","EM USINAGEM")) -> AG. FUNDIDO
A24: 2320 | B24: 8 | C24: 1127016 | D24: 1 | E24: São João Araras | F24: RODETE PRESSÃO Z20 - 84" | G24: 1 | H24: 46249 | J24: 46280 | L24: =Tabela13[[#This Row],[Data Prev. Entrega]]-TODAY() -> 50 | M24: =IF(L24<0,"ATRASADO",IF(L24<=15,"ATENÇÃO","NO PRAZO")) -> NO PRAZO | N24: c/ usinagem | O24: =Tabela13[[#This Row],[Data Prev. Fundido]]-10 -> 46239 | P24: AG | Q24: Desb | R24: Envia T.T. | S24: Retorno T.T. | T24: Torno | U24: F. Dente | V24: Acab. | W24: Insp. | X24: =IF(I24="","AG. FUNDIDO",IF(W24="OK","LIBERADA","EM USINAGEM")) -> AG. FUNDIDO
A25: 2320 | B25: 9 | C25: 1127017 | D25: 1 | E25: São João Araras | F25: RODETE PRESSÃO Z15 - 84" | G25: 1 | H25: 46249 | J25: 46280 | L25: =Tabela13[[#This Row],[Data Prev. Entrega]]-TODAY() -> 50 | M25: =IF(L25<0,"ATRASADO",IF(L25<=15,"ATENÇÃO","NO PRAZO")) -> NO PRAZO | N25: c/ usinagem | O25: =Tabela13[[#This Row],[Data Prev. Fundido]]-10 -> 46239 | P25: AG | Q25: Desb | R25: Envia T.T. | S25: Retorno T.T. | T25: Torno | U25: F. Dente | V25: Acab. | W25: Insp. | X25: =IF(I25="","AG. FUNDIDO",IF(W25="OK","LIBERADA","EM USINAGEM")) -> AG. FUNDIDO
A26: 1027 | B26: 7 | C26: 464100 | D26: - | E26: Água Bonita | F26: RODETE MOENDA Z15 - 1700 | G26: 1 | H26: 46315 | J26: 46374 | L26: =Tabela13[[#This Row],[Data Prev. Entrega]]-TODAY() -> 144 | M26: =IF(L26<0,"ATRASADO",IF(L26<=15,"ATENÇÃO","NO PRAZO")) -> NO PRAZO | N26: c/ usinagem | O26: OK | P26: AG | Q26: Desb | R26: Envia T.T. | S26: Retorno T.T. | T26: Torno | U26: F. Dente | V26: Acab. | W26: Insp. | X26: =IF(I26="","AG. FUNDIDO",IF(W26="OK","LIBERADA","EM USINAGEM")) -> AG. FUNDIDO
A27: 1027 | B27: 8 | C27: 464100 | D27: - | E27: Água Bonita | F27: RODETE MOENDA Z15 - 1700 | G27: 1 | H27: 46315 | J27: 46374 | L27: =Tabela13[[#This Row],[Data Prev. Entrega]]-TODAY() -> 144 | M27: =IF(L27<0,"ATRASADO",IF(L27<=15,"ATENÇÃO","NO PRAZO")) -> NO PRAZO | N27: c/ usinagem | O27: OK | P27: AG | Q27: Desb | R27: Envia T.T. | S27: Retorno T.T. | T27: Torno | U27: F. Dente | V27: Acab. | W27: Insp. | X27: =IF(I27="","AG. FUNDIDO",IF(W27="OK","LIBERADA","EM USINAGEM")) -> AG. FUNDIDO
A28: 1027 | B28: 9 | C28: 464100 | D28: - | E28: Água Bonita | F28: RODETE MOENDA Z15 - 1700 | G28: 1 | H28: 46315 | J28: 46374 | L28: =Tabela13[[#This Row],[Data Prev. Entrega]]-TODAY() -> 144 | M28: =IF(L28<0,"ATRASADO",IF(L28<=15,"ATENÇÃO","NO PRAZO")) -> NO PRAZO | N28: c/ usinagem | O28: OK | P28: AG | Q28: Desb | R28: Envia T.T. | S28: Retorno T.T. | T28: Torno | U28: F. Dente | V28: Acab. | W28: Insp. | X28: =IF(I28="","AG. FUNDIDO",IF(W28="OK","LIBERADA","EM USINAGEM")) -> AG. FUNDIDO
A29: 2329 | B29: 1 | C29: 187095 | D29: - | E29: São Domingos | F29: RODETE MOENDA Z15 - 78" | G29: 1 | H29: 46256 | J29: 46286 | L29: =Tabela13[[#This Row],[Data Prev. Entrega]]-TODAY() -> 56 | M29: =IF(L29<0,"ATRASADO",IF(L29<=15,"ATENÇÃO","NO PRAZO")) -> NO PRAZO | N29: c/ usinagem | O29: =Tabela13[[#This Row],[Data Prev. Fundido]]-10 -> 46246 | P29: AG | Q29: Desb | R29: Envia T.T. | S29: Retorno T.T. | T29: Torno | U29: F. Dente | V29: Acab. | W29: Insp. | X29: =IF(I29="","AG. FUNDIDO",IF(W29="OK","LIBERADA","EM USINAGEM")) -> AG. FUNDIDO
A30: 2329 | B30: 2 | C30: 187095 | D30: - | E30: São Domingos | F30: RODETE MOENDA Z15 - 78" | G30: 1 | H30: 46256 | J30: 46286 | L30: =Tabela13[[#This Row],[Data Prev. Entrega]]-TODAY() -> 56 | M30: =IF(L30<0,"ATRASADO",IF(L30<=15,"ATENÇÃO","NO PRAZO")) -> NO PRAZO | N30: c/ usinagem | O30: =Tabela13[[#This Row],[Data Prev. Fundido]]-10 -> 46246 | P30: AG | Q30: Desb | R30: Envia T.T. | S30: Retorno T.T. | T30: Torno | U30: F. Dente | V30: Acab. | W30: Insp. | X30: =IF(I30="","AG. FUNDIDO",IF(W30="OK","LIBERADA","EM USINAGEM")) -> AG. FUNDIDO
A31: 2329 | B31: 3 | C31: 187095 | D31: - | E31: São Domingos | F31: RODETE MOENDA Z15 - 78" | G31: 1 | H31: 46256 | J31: 46286 | L31: =Tabela13[[#This Row],[Data Prev. Entrega]]-TODAY() -> 56 | M31: =IF(L31<0,"ATRASADO",IF(L31<=15,"ATENÇÃO","NO PRAZO")) -> NO PRAZO | N31: c/ usinagem | O31: =Tabela13[[#This Row],[Data Prev. Fundido]]-10 -> 46246 | P31: AG | Q31: Desb | R31: Envia T.T. | S31: Retorno T.T. | T31: Torno | U31: F. Dente | V31: Acab. | W31: Insp. | X31: =IF(I31="","AG. FUNDIDO",IF(W31="OK","LIBERADA","EM USINAGEM")) -> AG. FUNDIDO
A32: 2331 | B32: 8 | C32: 27611 | D32: 8 | E32: Lins Agroindustrial | F32: RODETE MOENDA Z15 - 78" | G32: 1 | H32: 46315 | J32: 46374 | L32: =Tabela13[[#This Row],[Data Prev. Entrega]]-TODAY() -> 144 | M32: =IF(L32<0,"ATRASADO",IF(L32<=15,"ATENÇÃO","NO PRAZO")) -> NO PRAZO | N32: c/ usinagem | O32: =Tabela13[[#This Row],[Data Prev. Fundido]]-10 -> 46305 | P32: AG | Q32: Desb | R32: Envia T.T. | S32: Retorno T.T. | T32: Torno | U32: F. Dente | V32: Acab. | W32: Insp. | X32: =IF(I32="","AG. FUNDIDO",IF(W32="OK","LIBERADA","EM USINAGEM")) -> AG. FUNDIDO
A33: 2331 | B33: 9 | C33: 27611 | D33: 9 | E33: Lins Agroindustrial | F33: RODETE MOENDA Z15 - 78" | G33: 1 | H33: 46315 | J33: 46374 | L33: =Tabela13[[#This Row],[Data Prev. Entrega]]-TODAY() -> 144 | M33: =IF(L33<0,"ATRASADO",IF(L33<=15,"ATENÇÃO","NO PRAZO")) -> NO PRAZO | N33: c/ usinagem | O33: =Tabela13[[#This Row],[Data Prev. Fundido]]-10 -> 46305 | P33: AG | Q33: Desb | R33: Envia T.T. | S33: Retorno T.T. | T33: Torno | U33: F. Dente | V33: Acab. | W33: Insp. | X33: =IF(I33="","AG. FUNDIDO",IF(W33="OK","LIBERADA","EM USINAGEM")) -> AG. FUNDIDO
A34: 2331 | B34: 10 | C34: 27611 | D34: 10 | E34: Lins Agroindustrial | F34: RODETE PRESSÃO Z15 - 78" | G34: 1 | H34: 46315 | J34: 46374 | L34: =Tabela13[[#This Row],[Data Prev. Entrega]]-TODAY() -> 144 | M34: =IF(L34<0,"ATRASADO",IF(L34<=15,"ATENÇÃO","NO PRAZO")) -> NO PRAZO | N34: c/ usinagem | O34: =Tabela13[[#This Row],[Data Prev. Fundido]]-10 -> 46305 | P34: AG | Q34: Desb | R34: Envia T.T. | S34: Retorno T.T. | T34: Torno | U34: F. Dente | V34: Acab. | W34: Insp. | X34: =IF(I34="","AG. FUNDIDO",IF(W34="OK","LIBERADA","EM USINAGEM")) -> AG. FUNDIDO
A35: 2331 | B35: 11 | C35: 27611 | D35: 11 | E35: Lins Agroindustrial | F35: RODETE PRESSÃO Z15 - 78" | G35: 1 | H35: 46315 | J35: 46374 | L35: =Tabela13[[#This Row],[Data Prev. Entrega]]-TODAY() -> 144 | M35: =IF(L35<0,"ATRASADO",IF(L35<=15,"ATENÇÃO","NO PRAZO")) -> NO PRAZO | N35: c/ usinagem | O35: =Tabela13[[#This Row],[Data Prev. Fundido]]-10 -> 46305 | P35: AG | Q35: Desb | R35: Envia T.T. | S35: Retorno T.T. | T35: Torno | U35: F. Dente | V35: Acab. | W35: Insp. | X35: =IF(I35="","AG. FUNDIDO",IF(W35="OK","LIBERADA","EM USINAGEM")) -> AG. FUNDIDO
A36: 2337 | B36: 1 | C36: 27620 | D36: 1 | E36: Colorado | F36: RODETE MOENDA Z15 - 66" | G36: 1 | H36: 46265 | J36: 46295 | L36: =Tabela13[[#This Row],[Data Prev. Entrega]]-TODAY() -> 65 | M36: =IF(L36<0,"ATRASADO",IF(L36<=15,"ATENÇÃO","NO PRAZO")) -> NO PRAZO | N36: c/ usinagem | O36: 46223 | P36: AG | Q36: Desb | R36: Envia T.T. | S36: Retorno T.T. | T36: Torno | U36: F. Dente | V36: Acab. | W36: Insp. | X36: =IF(I36="","AG. FUNDIDO",IF(W36="OK","LIBERADA","EM USINAGEM")) -> AG. FUNDIDO
A37: 2337 | B37: 2 | C37: 27620 | D37: 2 | E37: Colorado | F37: RODETE MOENDA Z15 - 90" | G37: 1 | H37: 46265 | J37: 46295 | L37: =Tabela13[[#This Row],[Data Prev. Entrega]]-TODAY() -> 65 | M37: =IF(L37<0,"ATRASADO",IF(L37<=15,"ATENÇÃO","NO PRAZO")) -> NO PRAZO | N37: c/ usinagem | O37: 46223 | P37: AG | Q37: Desb | R37: Envia T.T. | S37: Retorno T.T. | T37: Torno | U37: F. Dente | V37: Acab. | W37: Insp. | X37: =IF(I37="","AG. FUNDIDO",IF(W37="OK","LIBERADA","EM USINAGEM")) -> AG. FUNDIDO
A38: 2337 | B38: 3 | C38: 27620 | D38: 3 | E38: Colorado | F38: RODETE MOENDA Z15 - 78" | G38: 1 | H38: 46265 | J38: 46295 | L38: =Tabela13[[#This Row],[Data Prev. Entrega]]-TODAY() -> 65 | M38: =IF(L38<0,"ATRASADO",IF(L38<=15,"ATENÇÃO","NO PRAZO")) -> NO PRAZO | N38: c/ usinagem | O38: 46223 | P38: AG | Q38: Desb | R38: Envia T.T. | S38: Retorno T.T. | T38: Torno | U38: F. Dente | V38: Acab. | W38: Insp. | X38: =IF(I38="","AG. FUNDIDO",IF(W38="OK","LIBERADA","EM USINAGEM")) -> AG. FUNDIDO
A39: 2337 | B39: 4 | C39: 27620 | D39: 4 | E39: Colorado | F39: RODETE MOENDA Z15 - 78" | G39: 1 | H39: 46265 | J39: 46295 | L39: =Tabela13[[#This Row],[Data Prev. Entrega]]-TODAY() -> 65 | M39: =IF(L39<0,"ATRASADO",IF(L39<=15,"ATENÇÃO","NO PRAZO")) -> NO PRAZO | N39: c/ usinagem | O39: 46223 | P39: AG | Q39: Desb | R39: Envia T.T. | S39: Retorno T.T. | T39: Torno | U39: F. Dente | V39: Acab. | W39: Insp. | X39: =IF(I39="","AG. FUNDIDO",IF(W39="OK","LIBERADA","EM USINAGEM")) -> AG. FUNDIDO
A40: 2361 | B40: 1 | C40: 27656 | D40: 1 | E40: Guabira | F40: RODETE MOENDA Z16 - 54" | G40: 1 | H40: 46284 | J40: 46329 | L40: =Tabela13[[#This Row],[Data Prev. Entrega]]-TODAY() -> 99 | M40: =IF(L40<0,"ATRASADO",IF(L40<=15,"ATENÇÃO","NO PRAZO")) -> NO PRAZO | N40: c/ usinagem | O40: 46274 | P40: AG | Q40: Desb | R40: Envia T.T. | S40: Retorno T.T. | T40: Torno | U40: F. Dente | V40: Acab. | W40: Insp. | X40: =IF(I40="","AG. FUNDIDO",IF(W40="OK","LIBERADA","EM USINAGEM")) -> AG. FUNDIDO
A41: 2361 | B41: 2 | C41: 27656 | D41: 2 | E41: Guabira | F41: RODETE MOENDA Z16 - 54" | G41: 1 | H41: 46284 | J41: 46329 | L41: =Tabela13[[#This Row],[Data Prev. Entrega]]-TODAY() -> 99 | M41: =IF(L41<0,"ATRASADO",IF(L41<=15,"ATENÇÃO","NO PRAZO")) -> NO PRAZO | N41: c/ usinagem | O41: 46274 | P41: AG | Q41: Desb | R41: Envia T.T. | S41: Retorno T.T. | T41: Torno | U41: F. Dente | V41: Acab. | W41: Insp. | X41: =IF(I41="","AG. FUNDIDO",IF(W41="OK","LIBERADA","EM USINAGEM")) -> AG. FUNDIDO
A42: 2361 | B42: 3 | C42: 27656 | D42: 3 | E42: Guabira | F42: RODETE MOENDA Z16 - 54" | G42: 1 | H42: 46284 | J42: 46329 | L42: =Tabela13[[#This Row],[Data Prev. Entrega]]-TODAY() -> 99 | M42: =IF(L42<0,"ATRASADO",IF(L42<=15,"ATENÇÃO","NO PRAZO")) -> NO PRAZO | N42: c/ usinagem | O42: 46274 | P42: AG | Q42: Desb | R42: Envia T.T. | S42: Retorno T.T. | T42: Torno | U42: F. Dente | V42: Acab. | W42: Insp. | X42: =IF(I42="","AG. FUNDIDO",IF(W42="OK","LIBERADA","EM USINAGEM")) -> AG. FUNDIDO
A43: 2361 | B43: 4 | C43: 27656 | D43: 4 | E43: Guabira | F43: RODETE MOENDA Z16 - 54" | G43: 1 | H43: 46284 | J43: 46329 | L43: =Tabela13[[#This Row],[Data Prev. Entrega]]-TODAY() -> 99 | M43: =IF(L43<0,"ATRASADO",IF(L43<=15,"ATENÇÃO","NO PRAZO")) -> NO PRAZO | N43: c/ usinagem | O43: 46274 | P43: AG | Q43: Desb | R43: Envia T.T. | S43: Retorno T.T. | T43: Torno | U43: F. Dente | V43: Acab. | W43: Insp. | X43: =IF(I43="","AG. FUNDIDO",IF(W43="OK","LIBERADA","EM USINAGEM")) -> AG. FUNDIDO
A44: 2361 | B44: 5 | C44: 27656 | D44: 5 | E44: Guabira | F44: RODETE MOENDA Z16 - 54" | G44: 1 | H44: 46284 | J44: 46329 | L44: =Tabela13[[#This Row],[Data Prev. Entrega]]-TODAY() -> 99 | M44: =IF(L44<0,"ATRASADO",IF(L44<=15,"ATENÇÃO","NO PRAZO")) -> NO PRAZO | N44: c/ usinagem | O44: 46274 | P44: AG | Q44: Desb | R44: Envia T.T. | S44: Retorno T.T. | T44: Torno | U44: F. Dente | V44: Acab. | W44: Insp. | X44: =IF(I44="","AG. FUNDIDO",IF(W44="OK","LIBERADA","EM USINAGEM")) -> AG. FUNDIDO
A45: 2361 | B45: 6 | C45: 27656 | D45: 6 | E45: Guabira | F45: RODETE MOENDA Z16 - 54" | G45: 1 | H45: 46284 | J45: 46329 | L45: =Tabela13[[#This Row],[Data Prev. Entrega]]-TODAY() -> 99 | M45: =IF(L45<0,"ATRASADO",IF(L45<=15,"ATENÇÃO","NO PRAZO")) -> NO PRAZO | N45: c/ usinagem | O45: 46274 | P45: AG | Q45: Desb | R45: Envia T.T. | S45: Retorno T.T. | T45: Torno | U45: F. Dente | V45: Acab. | W45: Insp. | X45: =IF(I45="","AG. FUNDIDO",IF(W45="OK","LIBERADA","EM USINAGEM")) -> AG. FUNDIDO
A46: 2361 | B46: 7 | C46: 27656 | D46: 7 | E46: Guabira | F46: RODETE MOENDA Z15 - 66" | G46: 1 | H46: 46284 | J46: 46329 | L46: =Tabela13[[#This Row],[Data Prev. Entrega]]-TODAY() -> 99 | M46: =IF(L46<0,"ATRASADO",IF(L46<=15,"ATENÇÃO","NO PRAZO")) -> NO PRAZO | N46: c/ usinagem | O46: 46274 | P46: AG | Q46: Desb | R46: Envia T.T. | S46: Retorno T.T. | T46: Torno | U46: F. Dente | V46: Acab. | W46: Insp. | X46: =IF(I46="","AG. FUNDIDO",IF(W46="OK","LIBERADA","EM USINAGEM")) -> AG. FUNDIDO
A47: 2361 | B47: 8 | C47: 27656 | D47: 8 | E47: Guabira | F47: RODETE MOENDA Z15 - 66" | G47: 1 | H47: 46284 | J47: 46329 | L47: =Tabela13[[#This Row],[Data Prev. Entrega]]-TODAY() -> 99 | M47: =IF(L47<0,"ATRASADO",IF(L47<=15,"ATENÇÃO","NO PRAZO")) -> NO PRAZO | N47: c/ usinagem | O47: 46274 | P47: AG | Q47: Desb | R47: Envia T.T. | S47: Retorno T.T. | T47: Torno | U47: F. Dente | V47: Acab. | W47: Insp. | X47: =IF(I47="","AG. FUNDIDO",IF(W47="OK","LIBERADA","EM USINAGEM")) -> AG. FUNDIDO
... A51: 2361 | B51: 12 | C51: 27656 | D51: 12 | E51: Guabira | F51: RODETE MOENDA Z15 - 66" | G51: 1 | H51: 46284 | J51: 46329 | L51: =Tabela13[[#This Row],[Data Prev. Entrega]]-TODAY() -> 99 | M51: =IF(L51<0,"ATRASADO",IF(L51<=15,"ATENÇÃO","NO PRAZO")) -> NO PRAZO | N51: c/ usinagem | O51: 46274 | P51: AG | Q51: Desb | R51: Envia T.T. | S51: Retorno T.T. | T51: Torno | U51: F. Dente | V51: Acab. | W51: Insp. | X51: =IF(I51="","AG. FUNDIDO",IF(W51="OK","LIBERADA","EM USINAGEM")) -> AG. FUNDIDO
A52: 2358 | B52: 56 | C52: 27656 | D52: 35 | E52: Coopcana | F52: RODETE MOENDA Z15 - 59" | G52: 1 | H52: 46295 | J52: 46386 | L52: =Tabela13[[#This Row],[Data Prev. Entrega]]-TODAY() -> 156 | M52: =IF(L52<0,"ATRASADO",IF(L52<=15,"ATENÇÃO","NO PRAZO")) -> NO PRAZO | N52: c/ usinagem | O52: 46285 | P52: AG | Q52: Desb | R52: Envia T.T. | S52: Retorno T.T. | T52: Torno | U52: F. Dente | V52: Acab. | W52: Insp. | X52: =IF(I52="","AG. FUNDIDO",IF(W52="OK","LIBERADA","EM USINAGEM")) -> AG. FUNDIDO | Y52: Ent. 7º - Mda 2
A53: 2358 | B53: 57 | C53: 27656 | D53: 36 | E53: Coopcana | F53: RODETE MOENDA Z15 - 60" | G53: 1 | H53: 46295 | J53: 46386 | L53: =Tabela13[[#This Row],[Data Prev. Entrega]]-TODAY() -> 156 | M53: =IF(L53<0,"ATRASADO",IF(L53<=15,"ATENÇÃO","NO PRAZO")) -> NO PRAZO | N53: c/ usinagem | O53: 46285 | P53: AG | Q53: Desb | R53: Envia T.T. | S53: Retorno T.T. | T53: Torno | U53: F. Dente | V53: Acab. | W53: Insp. | X53: =IF(I53="","AG. FUNDIDO",IF(W53="OK","LIBERADA","EM USINAGEM")) -> AG. FUNDIDO | Y53: Sup. 2º - Mda 1
A54: 2358 | B54: 58 | C54: 27656 | D54: 37 | E54: Coopcana | F54: RODETE MOENDA Z15 - 60" | G54: 1 | H54: 46295 | J54: 46386 | L54: =Tabela13[[#This Row],[Data Prev. Entrega]]-TODAY() -> 156 | M54: =IF(L54<0,"ATRASADO",IF(L54<=15,"ATENÇÃO","NO PRAZO")) -> NO PRAZO | N54: c/ usinagem | O54: 46285 | P54: AG | Q54: Desb | R54: Envia T.T. | S54: Retorno T.T. | T54: Torno | U54: F. Dente | V54: Acab. | W54: Insp. | X54: =IF(I54="","AG. FUNDIDO",IF(W54="OK","LIBERADA","EM USINAGEM")) -> AG. FUNDIDO | Y54: Sup. 4º - Mda 1
A55: 2354 | C55: 27639 | D55: 10 | E55: Santa Terezinha Tapejara | F55: RODETE MOENDA Z15 - 84" | G55: 1 | H55: 46295 | J55: 46386 | L55: =Tabela13[[#This Row],[Data Prev. Entrega]]-TODAY() -> 156 | M55: =IF(L55<0,"ATRASADO",IF(L55<=15,"ATENÇÃO","NO PRAZO")) -> NO PRAZO | N55: c/ usinagem | O55: 46285 | P55: AG | Q55: Desb | R55: Envia T.T. | S55: Retorno T.T. | T55: Torno | U55: F. Dente | V55: Acab. | W55: Insp. | X55: =IF(I55="","AG. FUNDIDO",IF(W55="OK","LIBERADA","EM USINAGEM")) -> AG. FUNDIDO
A56: 2354 | C56: 27639 | D56: 11 | E56: Santa Terezinha Tapejara | F56: RODETE MOENDA Z15 - 84" | G56: 1 | H56: 46295 | J56: 46386 | L56: =Tabela13[[#This Row],[Data Prev. Entrega]]-TODAY() -> 156 | M56: =IF(L56<0,"ATRASADO",IF(L56<=15,"ATENÇÃO","NO PRAZO")) -> NO PRAZO | N56: c/ usinagem | O56: 46285 | P56: AG | Q56: Desb | R56: Envia T.T. | S56: Retorno T.T. | T56: Torno | U56: F. Dente | V56: Acab. | W56: Insp. | X56: =IF(I56="","AG. FUNDIDO",IF(W56="OK","LIBERADA","EM USINAGEM")) -> AG. FUNDIDO

Sheet REFORMA DIVERSAS
A1: PV | B1: Item | C1: Cliente | D1: Descrição | E1: Qtde. | F1: Bit | G1: Terno | H1: Desenho Previsão | I1: Des. | J1: Prazo Entrega | K1: OP1 | L1: OP2 | M1: OP3 | N1: OP4 | O1: OP5 | P1: OP6 | Q1: OP7 | R1: OP8 | S1: OP9 | T1: Status | U1: Observação
A2: 1027 | B2: - | C2: Água Bonita | D2: Manutenção Cabeçote Lateral | E2: 4 | F2: 66" | G2: 2º | H2: 46388 | I2: AG | J2: 46423 | K2: Receber | L2: Insp. | M2: Laudo | T2: AG. PEÇA CLIENTE
A3: 1027 | B3: - | C3: Água Bonita | D3: Manutenção Cabeçote Lateral | E3: 4 | F3: 66" | G3: 3º | H3: 46388 | I3: AG | J3: 46423 | K3: Receber | L3: Insp. | M3: Laudo | T3: AG. PEÇA CLIENTE
A4: 1027 | B4: - | C4: Água Bonita | D4: Manutenção Balança | E4: 1 | F4: 66" | G4: 3º | H4: 46388 | I4: AG | J4: 46414 | K4: Receber | L4: Insp. | M4: Laudo | T4: AG. PEÇA CLIENTE
A5: 1027 | B5: - | C5: Água Bonita | D5: Manutenção Caixa Mancal Inf | E5: 2 | F5: 66" | G5: 3º | H5: 46388 | I5: AG | J5: 46376 | K5: Receber | L5: Insp. | M5: Laudo | T5: AG. LAUDO
A6: 1027 | B6: - | C6: Água Bonita | D6: Manutenção Caixa Mancal Inf | E6: 2 | F6: 66" | G6: 3º | H6: 46388 | I6: AG | J6: 46407 | K6: Receber | L6: Insp. | M6: Laudo | T6: AG. PEÇA CLIENTE
A7: 1027 | B7: - | C7: Água Bonita | D7: Manutenção Caixa Mancal Inf | E7: 4 | F7: 66" | G7: 4º | H7: 46388 | I7: AG | J7: 46407 | K7: Receber | L7: Insp. | M7: Laudo | T7: AG. PEÇA CLIENTE
A8: 1027 | B8: - | C8: Água Bonita | D8: Manutenção Caixa Mancal Inf | E8: 4 | F8: 66" | G8: 5º | H8: 46388 | I8: AG | J8: 46407 | K8: Receber | L8: Insp. | M8: Laudo | T8: AG. PEÇA CLIENTE
A9: 1027 | B9: - | C9: Água Bonita | D9: Manutenção Flange Moenda | E9: 2 | F9: 66" | G9: 4º | H9: OK | I9: ok | J9: 46376 | K9: Remover SD | L9: Argolar | M9: Torno | N9: S. Dura | O9: Retificar | P9: Insp | T9: EM USINAGEM | U9: laudo 24789/2026
A10: 1027 | B10: - | C10: Água Bonita | D10: Manutenção Flange Moenda | E10: 2 | F10: 84" | G10: 5º | H10: OK | I10: ok | J10: 46376 | K10: Remover SD | L10: Argolar | M10: Torno | N10: S. Dura | O10: Retificar | P10: Insp | T10: EM USINAGEM | U10: laudo 24792/2026
A11: 1027 | B11: - | C11: Água Bonita | D11: Reforma Rodete Moeda | E11: 3 | F11: 84" | G11: 1º | H11: 46388 | I11: AG | J11: 46408 | K11: Receber | L11: Insp. | M11: Laudo | T11: AG. PEÇA CLIENTE
A12: 1027 | B12: - | C12: Água Bonita | D12: Manutenção Rolo Inferior-84(03) | E12: 1 | F12: 84" | G12: 1º | H12: 46388 | I12: AG | J12: 46416 | K12: Receber | L12: Desmontar | M12: Insp. | N12: Laudo | O12: Montar | T12: AG. PEÇA CLIENTE
A13: 1027 | B13: - | C13: Água Bonita | D13: Manutenção Rolo Inferior-84(02) | E13: 1 | F13: 84" | G13: 1º | H13: 46388 | I13: AG | J13: 46417 | K13: Receber | L13: Desmontar | M13: Insp. | N13: Laudo | O13: Montar | T13: AG. PEÇA CLIENTE
A14: 1027 | B14: - | C14: Água Bonita | D14: Manutenção Rolo Inferior-9 | E14: 1 | F14: 84" | G14: 2º | H14: 46388 | I14: AG | J14: 46420 | K14: Receber | L14: Desmontar | M14: Insp. | N14: Laudo | O14: Montar | T14: AG. PEÇA CLIENTE
A15: 1027 | B15: - | C15: Água Bonita | D15: Manutenção Rolo Inferior-17 | E15: 1 | F15: 1700 | G15: 2º | H15: 46388 | I15: AG | J15: 46421 | K15: Receber | L15: Desmontar | M15: Insp. | N15: Laudo | O15: Montar | T15: AG. PEÇA CLIENTE
A16: 1027 | B16: - | C16: Água Bonita | D16: Manutenção Rolo Inferior-7 | E16: 1 | F16: 1700 | G16: 3º | H16: 46388 | I16: AG | J16: 46423 | K16: Receber | L16: Desmontar | M16: Insp. | N16: Laudo | O16: Montar | T16: AG. PEÇA CLIENTE
A17: 1027 | B17: - | C17: Água Bonita | D17: Manutenção Rolo Inferior-2 | E17: 1 | F17: 1700 | G17: 3º | H17: 46388 | I17: AG | J17: 46414 | K17: Receber | L17: Desmontar | M17: Insp. | N17: Laudo | O17: Montar | T17: AG. PEÇA CLIENTE
A18: 1027 | B18: - | C18: Água Bonita | D18: Manutenção Rolo Inferior-3 | E18: 1 | F18: 1700 | G18: 4º | H18: 46388 | I18: AG | J18: 46424 | K18: Receber | L18: Desmontar | M18: Insp. | N18: Laudo | O18: Montar | T18: AG. PEÇA CLIENTE
A19: 1027 | B19: - | C19: Água Bonita | D19: Manutenção Rolo Inferior-10 | E19: 1 | F19: 1700 | G19: 4º | H19: 46388 | I19: AG | J19: 46408 | K19: Receber | L19: Desmontar | M19: Insp. | N19: Laudo | O19: Montar | T19: AG. PEÇA CLIENTE
A20: 1027 | B20: - | C20: Água Bonita | D20: Manutenção Rolo Inferior-20 | E20: 1 | F20: 1700 | G20: 5º | H20: 46388 | I20: AG | J20: 46427 | K20: Receber | L20: Desmontar | M20: Insp. | N20: Laudo | O20: Montar | T20: AG. PEÇA CLIENTE
A21: 1027 | B21: - | C21: Água Bonita | D21: Manutenção Rolo Inferior-18 | E21: 1 | F21: 1700 | G21: 5º | H21: 46388 | I21: AG | J21: 46410 | K21: Receber | L21: Desmontar | M21: Insp. | N21: Laudo | O21: Montar | T21: AG. PEÇA CLIENTE
A22: 1027 | B22: - | C22: Água Bonita | D22: Manutenção Rolo Superior-84(01) | E22: 1 | F22: 84" | G22: 1º | H22: 46388 | I22: AG | J22: 46428 | K22: Receber | L22: Desmontar | M22: Insp. | N22: Laudo | O22: Montar | T22: AG. PEÇA CLIENTE
A23: 1027 | B23: - | C23: Água Bonita | D23: Manutenção Rolo Superior-24 | E23: 1 | F23: 1700 | G23: 2º | H23: 46388 | I23: AG | J23: 46430 | K23: Receber | L23: Desmontar | M23: Insp. | N23: Laudo | O23: Montar | T23: AG. PEÇA CLIENTE
A24: 1027 | B24: - | C24: Água Bonita | D24: Manutenção Rolo Superior-19 | E24: 1 | F24: 1700 | G24: 3º | H24: 46388 | I24: AG | J24: 46431 | K24: Receber | L24: Desmontar | M24: Insp. | N24: Laudo | O24: Montar | T24: AG. PEÇA CLIENTE
A25: 1027 | B25: - | C25: Água Bonita | D25: Manutenção Rolo Superior-15 | E25: 1 | F25: 1700 | G25: 4º | H25: 46388 | I25: AG | J25: 46433 | K25: Receber | L25: Desmontar | M25: Insp. | N25: Laudo | O25: Montar | T25: AG. PEÇA CLIENTE
A26: 1027 | B26: - | C26: Água Bonita | D26: Manutenção Rolo Superior-16 | E26: 1 | F26: 1700 | G26: 5º | H26: 46388 | I26: AG | J26: 46434 | K26: Receber | L26: Desmontar | M26: Insp. | N26: Laudo | O26: Montar | T26: AG. PEÇA CLIENTE
A27: 1020 | B27: - | C27: Atvos Santa Luzia | D27: Reforma Suporte Bagaceira | E27: 1 | F27: 100" | G27: 1º | H27: 46388 | I27: AG | J27: 46417 | K27: Receber | L27: Insp. | M27: Laudo | T27: AG. PEÇA CLIENTE
A28: 1020 | B28: - | C28: Atvos Santa Luzia | D28: Manutenção Rolo Inferior-121 | E28: 1 | F28: 100" | G28: 1º | H28: 46388 | I28: AG | J28: 22/01/27 | K28: Receber | L28: Desmontar | M28: Insp. | N28: Laudo | O28: Montar | T28: AG. PEÇA CLIENTE
A29: 1020 | B29: - | C29: Atvos Santa Luzia | D29: Manutenção Rolo Inferior-103 | E29: 1 | F29: 100" | G29: 1º | H29: 46388 | I29: AG | J29: 23/01/27 | K29: Receber | L29: Desmontar | M29: Insp. | N29: Laudo | O29: Montar | T29: AG. PEÇA CLIENTE
A30: 1020 | B30: - | C30: Atvos Santa Luzia | D30: Manutenção Rolo Inferior-128 | E30: 1 | F30: 90" | G30: 2º | H30: 46388 | I30: AG | J30: 26/01/27 | K30: Receber | L30: Desmontar | M30: Insp. | N30: Laudo | O30: Montar | T30: AG. PEÇA CLIENTE
A31: 1020 | B31: - | C31: Atvos Santa Luzia | D31: Manutenção Rolo Inferior-127 | E31: 1 | F31: 90" | G31: 2º | H31: 46388 | I31: AG | J31: 28/01/27 | K31: Receber | L31: Desmontar | M31: Insp. | N31: Laudo | O31: Montar | T31: AG. PEÇA CLIENTE
A32: 1020 | B32: - | C32: Atvos Santa Luzia | D32: Manutenção Rolo Superior-131/24 | E32: 1 | F32: 90" | G32: 2º | H32: 46388 | I32: AG | J32: 17/02/27 | K32: Receber | L32: Desmontar | M32: Insp. | N32: Laudo | O32: Montar | T32: AG. PEÇA CLIENTE
A33: 1020 | B33: - | C33: Atvos Santa Luzia | D33: Manutenção Rolo Inferior-125 | E33: 1 | F33: 90" | G33: 3º | H33: 46388 | I33: AG | J33: 30/01/27 | K33: Receber | L33: Desmontar | M33: Insp. | N33: Laudo | O33: Montar | T33: AG. PEÇA CLIENTE
A34: 1020 | B34: - | C34: Atvos Santa Luzia | D34: Manutenção Rolo Inferior-135/26 | E34: 1 | F34: 90" | G34: 3º | H34: 46388 | I34: AG | J34: 02/02/27 | K34: Receber | L34: Desmontar | M34: Insp. | N34: Laudo | O34: Montar | T34: AG. PEÇA CLIENTE
A35: 1020 | B35: - | C35: Atvos Santa Luzia | D35: Manutenção Rolo Superior-119 | E35: 1 | F35: 90" | G35: 3º | H35: 46388 | I35: AG | J35: 16/02/27 | K35: Receber | L35: Desmontar | M35: Insp. | N35: Laudo | O35: Montar | T35: AG. PEÇA CLIENTE
A36: 1020 | B36: - | C36: Atvos Santa Luzia | D36: Manutenção Rolo Inferior-110 | E36: 1 | F36: 90" | G36: 4º | H36: 46388 | I36: AG | J36: 03/02/27 | K36: Receber | L36: Desmontar | M36: Insp. | N36: Laudo | O36: Montar | T36: AG. PEÇA CLIENTE
A37: 1020 | B37: - | C37: Atvos Santa Luzia | D37: Manutenção Rolo Inferior-111 | E37: 1 | F37: 90" | G37: 4º | H37: 46388 | I37: AG | J37: 05/02/27 | K37: Receber | L37: Desmontar | M37: Insp. | N37: Laudo | O37: Montar | T37: AG. PEÇA CLIENTE
A38: 1020 | B38: - | C38: Atvos Santa Luzia | D38: Manutenção Rolo Superior-109 | E38: 1 | F38: 90" | G38: 4º | H38: 46388 | I38: AG | J38: 13/02/27 | K38: Receber | L38: Desmontar | M38: Insp. | N38: Laudo | O38: Montar | T38: AG. PEÇA CLIENTE
A39: 1020 | B39: - | C39: Atvos Santa Luzia | D39: Manutenção Rolo Inferior-115 | E39: 1 | F39: 90" | G39: 5º | H39: 46388 | I39: AG | J39: 06/02/27 | K39: Receber | L39: Desmontar | M39: Insp. | N39: Laudo | O39: Montar | T39: AG. PEÇA CLIENTE
... A44: 1020 | B44: - | C44: Atvos Santa Luzia | D44: Manutenção Rolo Superior-134/26 | E44: 1 | F44: 90" | G44: 6º | H44: 46388 | I44: AG | J44: 17/02/27 | K44: Receber | L44: Desmontar | M44: Insp. | N44: Laudo | O44: Montar | T44: AG. PEÇA CLIENTE
A45: 1050 | B45: - | C45: Zilor São Jose | D45: Manutenção Munhão | E45: 1 | F45: 54" | G45: - | H45: 46388 | I45: AG | J45: 46255 | K45: Receber | L45: Insp. | M45: Laudo | T45: AG. LAUDO
A46: 1050 | B46: - | C46: Zilor São Jose | D46: Manutenção Munhão | E46: 1 | F46: 54" | G46: - | H46: 46388 | I46: AG | J46: 46255 | K46: Receber | L46: Insp. | M46: Laudo | T46: AG. LAUDO
A47: 1050 | B47: - | C47: Zilor São Jose | D47: Manutenção Caixa Mancal RP | E47: 1 | F47: 54" | G47: - | H47: 46388 | I47: AG | J47: 46255 | K47: Receber | L47: Insp. | M47: Laudo | T47: AG. LAUDO
A48: 1050 | B48: - | C48: Zilor São Jose | D48: Manutenção Caixa Mancal RP | E48: 1 | F48: 54" | G48: - | H48: 46388 | I48: AG | J48: 46255 | K48: Receber | L48: Insp. | M48: Laudo | T48: AG. LAUDO
A49: 1050 | B49: - | C49: Zilor São Jose | D49: Manutenção Caixa Mancal RP | E49: 1 | F49: 78" | G49: - | H49: 46388 | I49: AG | J49: 46255 | K49: Receber | L49: Insp. | M49: Laudo | T49: AG. LAUDO
A50: 1049 | B50: - | C50: Zilor Barra Grande | D50: Manutenção Caixa Mancal Sup | E50: 1 | F50: 78" | G50: - | H50: 46388 | I50: AG | J50: 46255 | K50: Receber | L50: Insp. | M50: Laudo | T50: AG. PEÇA CLIENTE
A51: 1049 | B51: - | C51: Zilor Barra Grande | D51: Manutenção Caixa Mancal Sup | E51: 1 | F51: 78" | G51: - | H51: 46388 | I51: AG | J51: 46255 | K51: Receber | L51: Insp. | M51: Laudo | T51: AG. PEÇA CLIENTE
A52: 1049 | B52: - | C52: Zilor Barra Grande | D52: Manutenção Caixa Mancal Sup | E52: 1 | F52: 78" | G52: - | H52: 46388 | I52: AG | J52: 46255 | K52: Receber | L52: Insp. | M52: Laudo | T52: AG. PEÇA CLIENTE
A53: 1049 | B53: - | C53: Zilor Barra Grande | D53: Manutenção Caixa Mancal Sup | E53: 1 | F53: 78" | G53: - | H53: 46388 | I53: AG | J53: 46255 | K53: Receber | L53: Insp. | M53: Laudo | T53: AG. PEÇA CLIENTE
A54: 1022 | B54: - | C54: Simisa | D54: Serviço Usinagem Coquilha | E54: 1 | F54: - | G54: - | H54: OK | I54: OK | J54: 46227 | K54: Torno | T54: EXPEDIDO
A55: 1022 | B55: - | C55: Simisa | D55: Serviço Usinagem Coquilha | E55: 1 | F55: - | G55: - | H55: OK | I55: OK | J55: 46227 | K55: Torno | T55: EXPEDIDO
A56: 1022 | B56: - | C56: Simisa | D56: Serviço Usinagem Coquilha | E56: 1 | F56: - | G56: - | H56: OK | I56: OK | J56: 46227 | K56: Torno | T56: EXPEDIDO
A57: 1022 | B57: - | C57: Simisa | D57: Serviço Usinagem Coquilha | E57: 1 | F57: - | G57: - | H57: OK | I57: OK | J57: 46227 | K57: Torno | T57: EXPEDIDO
A58: 1041 | C58: Sta Terezinha Terra Rica | D58: Reforma Flange Moenda | E58: 2 | F58: 54" | G58: 4º | H58: 46388 | I58: AG | J58: 46437 | K58: Receber | L58: Insp. | M58: Laudo | T58: AG. PEÇA CLIENTE
A59: 1041 | C59: Sta Terezinha Terra Rica | D59: Reforma Flange Moenda | E59: 2 | F59: 54" | G59: 5º | H59: 46388 | I59: AG | J59: 46437 | K59: Receber | L59: Insp. | M59: Laudo | T59: AG. PEÇA CLIENTE
A60: 1041 | C60: Sta Terezinha Terra Rica | D60: Manutenção Rolo Inferior-J11 | E60: 1 | F60: 78" | G60: 1º | H60: 46388 | I60: AG | J60: 46421 | K60: Receber | L60: Desmontar | M60: Insp. | N60: Laudo | O60: Montar | T60: AG. PEÇA CLIENTE
A61: 1041 | C61: Sta Terezinha Terra Rica | D61: Manutenção Rolo Inferior-J14 | E61: 1 | F61: 78" | G61: 1º | H61: 46388 | I61: AG | J61: 46420 | K61: Receber | L61: Desmontar | M61: Insp. | N61: Laudo | O61: Montar | T61: AG. PEÇA CLIENTE
A62: 1041 | C62: Sta Terezinha Terra Rica | D62: Manutenção Rolo Superior-J13 | E62: 1 | F62: 78" | G62: 1º | H62: 46388 | I62: AG | J62: 46435 | K62: Receber | L62: Desmontar | M62: Insp. | N62: Laudo | O62: Montar | T62: AG. PEÇA CLIENTE
A63: 1041 | C63: Sta Terezinha Terra Rica | D63: Manutenção Rolo Inferior-T4 | E63: 1 | F63: 90" | G63: 6º | H63: 46388 | I63: AG | J63: 46429 | K63: Receber | L63: Desmontar | M63: Insp. | N63: Laudo | O63: Montar | T63: AG. PEÇA CLIENTE
A64: 1041 | C64: Sta Terezinha Terra Rica | D64: Manutenção Rolo Inferior-T2 | E64: 1 | F64: 90" | G64: 6º | H64: 46388 | I64: AG | J64: 46430 | K64: Receber | L64: Desmontar | M64: Insp. | N64: Laudo | O64: Montar | T64: AG. PEÇA CLIENTE
A65: 1041 | C65: Sta Terezinha Terra Rica | D65: Manutenção Rolo Superior-T1 | E65: 1 | F65: 90" | G65: 6º | H65: 46388 | I65: AG | J65: 46435 | K65: Receber | L65: Desmontar | M65: Insp. | N65: Laudo | O65: Montar | T65: AG. PEÇA CLIENTE

Sheet PERIFÉRICOS
A1: PV | B1: item | C1: OS/Peças | D1: Seq. | E1: Cliente | F1: Qtd. | G1: Descrição | H1: Prazo Fundido | I1: Pz Fundido Real | J1: Prazo Entrega | K1: Pz Entrega Real | L1: Falta Dias | M1: Indicador | N1: Condição | O1: Desenho Previsão | P1: Des. | Q1: Status | R1: Observação
A2: 2246 | B2: 1 | C2: 434129 | D2: 1 | E2: Coopcana | F2: 1 | G2: Caixa Mancal Inferior 54" | H2: 46230 | I2: 46217 | J2: 46254 | L2: =Tabela4[[#This Row],[Prazo Entrega]]-TODAY() -> 24 | M2: =IF(L2<0,"ATRASADO",IF(L2<=15,"ATENÇÃO","NO PRAZO")) -> NO PRAZO | N2: c/ usinagem | O2: 46199 | P2: OK | Q2: EM USINAGEM | R2: FUNDIDO ATRASOU - ERA 01/07/26
A3: 2246 | B3: 2 | C3: 434129 | D3: 2 | E3: Coopcana | F3: 1 | G3: Caixa Mancal Inferior 54" | H3: 46230 | I3: 46217 | J3: 46254 | L3: =Tabela4[[#This Row],[Prazo Entrega]]-TODAY() -> 24 | M3: =IF(L3<0,"ATRASADO",IF(L3<=15,"ATENÇÃO","NO PRAZO")) -> NO PRAZO | N3: c/ usinagem | O3: 46199 | P3: OK | Q3: EM USINAGEM | R3: FUNDIDO ATRASOU - ERA 01/07/26
A4: 2246 | B4: 3 | C4: 434129 | D4: 3 | E4: Coopcana | F4: 1 | G4: Caixa Mancal Inferior 54" | H4: 46230 | I4: 46217 | J4: 46254 | L4: =Tabela4[[#This Row],[Prazo Entrega]]-TODAY() -> 24 | M4: =IF(L4<0,"ATRASADO",IF(L4<=15,"ATENÇÃO","NO PRAZO")) -> NO PRAZO | N4: c/ usinagem | O4: 46199 | P4: OK | Q4: EM USINAGEM | R4: FUNDIDO ATRASOU - ERA 01/07/26
A5: 2246 | B5: 4 | C5: 434129 | D5: 4 | E5: Coopcana | F5: 1 | G5: Caixa Mancal Inferior 54" | H5: 46230 | I5: 46217 | J5: 46254 | L5: =Tabela4[[#This Row],[Prazo Entrega]]-TODAY() -> 24 | M5: =IF(L5<0,"ATRASADO",IF(L5<=15,"ATENÇÃO","NO PRAZO")) -> NO PRAZO | N5: c/ usinagem | O5: 46199 | P5: OK | Q5: EM USINAGEM | R5: FUNDIDO ATRASOU - ERA 01/07/26
A6: 2246 | B6: 5 | C6: 434130 | D6: 1 | E6: Coopcana | F6: 1 | G6: Caixa Mancal Inferior 54" | H6: 46230 | I6: 46217 | J6: 46254 | L6: =Tabela4[[#This Row],[Prazo Entrega]]-TODAY() -> 24 | M6: =IF(L6<0,"ATRASADO",IF(L6<=15,"ATENÇÃO","NO PRAZO")) -> NO PRAZO | N6: c/ usinagem | O6: 46199 | P6: OK | Q6: EM USINAGEM | R6: FUNDIDO ATRASOU - ERA 01/07/26
A7: 2246 | B7: 6 | C7: 434130 | D7: 2 | E7: Coopcana | F7: 1 | G7: Caixa Mancal Inferior 54" | H7: 46230 | I7: 46217 | J7: 46254 | L7: =Tabela4[[#This Row],[Prazo Entrega]]-TODAY() -> 24 | M7: =IF(L7<0,"ATRASADO",IF(L7<=15,"ATENÇÃO","NO PRAZO")) -> NO PRAZO | N7: c/ usinagem | O7: 46199 | P7: OK | Q7: EM USINAGEM | R7: FUNDIDO ATRASOU - ERA 01/07/26
A8: 2246 | B8: 7 | C8: 434130 | D8: 3 | E8: Coopcana | F8: 1 | G8: Caixa Mancal Inferior 54" | H8: 46230 | I8: 46217 | J8: 46254 | L8: =Tabela4[[#This Row],[Prazo Entrega]]-TODAY() -> 24 | M8: =IF(L8<0,"ATRASADO",IF(L8<=15,"ATENÇÃO","NO PRAZO")) -> NO PRAZO | N8: c/ usinagem | O8: 46199 | P8: OK | Q8: EM USINAGEM | R8: FUNDIDO ATRASOU - ERA 01/07/26
A9: 2246 | B9: 8 | C9: 434130 | D9: 4 | E9: Coopcana | F9: 1 | G9: Caixa Mancal Inferior 54" | H9: 46230 | I9: 46217 | J9: 46254 | L9: =Tabela4[[#This Row],[Prazo Entrega]]-TODAY() -> 24 | M9: =IF(L9<0,"ATRASADO",IF(L9<=15,"ATENÇÃO","NO PRAZO")) -> NO PRAZO | N9: c/ usinagem | O9: 46199 | P9: OK | Q9: EM USINAGEM | R9: FUNDIDO ATRASOU - ERA 01/07/26
A10: 2186 | B10: 1 | C10: - | D10: - | E10: Zilor Quatá | F10: 1 | G10: Eixo Esteira Arraste | H10: - | I10: - | J10: 46178 | K10: 46178 | L10: =Tabela4[[#This Row],[Prazo Entrega]]-TODAY() -> -52 | M10: NO PRAZO | N10: c/ usinagem | O10: OK | P10: OK | Q10: EXPEDIDO
A11: 1027 | B11: 1 | C11: - | D11: - | E11: Água Bonita | F11: 2 | G11: Flange Camisa Perfurada 1º T | H11: - | I11: - | J11: 46376 | L11: =Tabela4[[#This Row],[Prazo Entrega]]-TODAY() -> 146 | M11: =IF(L11<0,"ATRASADO",IF(L11<=15,"ATENÇÃO","NO PRAZO")) -> NO PRAZO | N11: c/ usinagem | O11: OK | P11: OK | Q11: EM USINAGEM | R11: MAT. PRIMA = OK
A12: 1027 | B12: 4 | C12: - | D12: - | E12: Água Bonita | F12: 2 | G12: Flange Camisa Perfurada 2º T | H12: - | I12: - | J12: 46376 | L12: =Tabela4[[#This Row],[Prazo Entrega]]-TODAY() -> 146 | M12: =IF(L12<0,"ATRASADO",IF(L12<=15,"ATENÇÃO","NO PRAZO")) -> NO PRAZO | N12: c/ usinagem | O12: OK | P12: OK | Q12: EM USINAGEM | R12: MAT. PRIMA = OK
A13: 1027 | B13: 7 | C13: - | D13: - | E13: Água Bonita | F13: 2 | G13: Flange Camisa Perfurada 3º T | H13: - | I13: - | J13: 46376 | L13: =Tabela4[[#This Row],[Prazo Entrega]]-TODAY() -> 146 | M13: =IF(L13<0,"ATRASADO",IF(L13<=15,"ATENÇÃO","NO PRAZO")) -> NO PRAZO | N13: c/ usinagem | O13: OK | P13: OK | Q13: EM USINAGEM | R13: MAT. PRIMA = OK
A14: 1027 | B14: 7 | C14: - | D14: - | E14: Água Bonita | F14: 2 | G14: Chaveta 70 X 430mm | H14: - | I14: - | J14: 46376 | K14: 46227 | L14: =Tabela4[[#This Row],[Prazo Entrega]]-TODAY() -> 146 | M14: =IF(L14<0,"ATRASADO",IF(L14<=15,"ATENÇÃO","NO PRAZO")) -> NO PRAZO | N14: c/ usinagem | O14: OK | P14: OK | Q14: AG. COLETAR | R14: PRONTO
A15: 1027 | B15: 8 | C15: - | D15: - | E15: Água Bonita | F15: 2 | G15: Chaveta 70 X 430mm | H15: - | I15: - | J15: 46376 | K15: 46227 | L15: =Tabela4[[#This Row],[Prazo Entrega]]-TODAY() -> 146 | M15: =IF(L15<0,"ATRASADO",IF(L15<=15,"ATENÇÃO","NO PRAZO")) -> NO PRAZO | N15: c/ usinagem | O15: OK | P15: OK | Q15: AG. COLETAR | R15: PRONTO
A16: 1027 | B16: 9 | C16: - | D16: - | E16: Água Bonita | F16: 2 | G16: Chaveta 70 X 430mm | H16: - | I16: - | J16: 46376 | K16: 46227 | L16: =Tabela4[[#This Row],[Prazo Entrega]]-TODAY() -> 146 | M16: =IF(L16<0,"ATRASADO",IF(L16<=15,"ATENÇÃO","NO PRAZO")) -> NO PRAZO | N16: c/ usinagem | O16: OK | P16: OK | Q16: AG. COLETAR | R16: PRONTO
A17: 1031 | B17: 1 | C17: 27609 | D17: 1 | E17: Água Bonita | F17: 1 | G17: Caixa Mancal Inf 1700 (S/ INOX) | H17: 46251 | J17: 46281 | L17: =Tabela4[[#This Row],[Prazo Entrega]]-TODAY() -> 51 | M17: =IF(L17<0,"ATRASADO",IF(L17<=15,"ATENÇÃO","NO PRAZO")) -> NO PRAZO | N17: c/ usinagem | O17: 46241 | P17: AG. | Q17: AG. FUNDIDO
A18: 1031 | B18: 2 | C18: 27609 | D18: 2 | E18: Água Bonita | F18: 1 | G18: Caixa Mancal Inf 1700 (S/ INOX) | H18: 46251 | J18: 46281 | L18: =Tabela4[[#This Row],[Prazo Entrega]]-TODAY() -> 51 | M18: =IF(L18<0,"ATRASADO",IF(L18<=15,"ATENÇÃO","NO PRAZO")) -> NO PRAZO | N18: c/ usinagem | O18: 46241 | P18: AG. | Q18: AG. FUNDIDO
A19: 2331 | B19: 22 | C19: - | D19: - | E19: Lins Agroindustrial | F19: 1 | G19: Flange Sup. Alta Drenagem | H19: - | I19: - | J19: 46376 | L19: =Tabela4[[#This Row],[Prazo Entrega]]-TODAY() -> 146 | M19: =IF(L19<0,"ATRASADO",IF(L19<=15,"ATENÇÃO","NO PRAZO")) -> NO PRAZO | N19: c/ usinagem | O19: 46203 | P19: AG. | Q19: AG. DES. ENG.
A20: 2331 | B20: 23 | C20: - | D20: - | E20: Lins Agroindustrial | F20: 1 | G20: Flange Sup. Alta Drenagem | H20: - | I20: - | J20: 46376 | L20: =Tabela4[[#This Row],[Prazo Entrega]]-TODAY() -> 146 | M20: =IF(L20<0,"ATRASADO",IF(L20<=15,"ATENÇÃO","NO PRAZO")) -> NO PRAZO | N20: c/ usinagem | O20: 46203 | P20: AG. | Q20: AG. DES. ENG.
A21: 2331 | B21: 24 | C21: - | D21: - | E21: Lins Agroindustrial | F21: 1 | G21: Calha Rolo Inferior - 78" | H21: - | I21: - | J21: 46376 | L21: =Tabela4[[#This Row],[Prazo Entrega]]-TODAY() -> 146 | M21: =IF(L21<0,"ATRASADO",IF(L21<=15,"ATENÇÃO","NO PRAZO")) -> NO PRAZO | N21: c/ usinagem | O21: 46203 | P21: AG. | Q21: AG. DES. ENG.
A22: 2331 | B22: 25 | C22: - | D22: - | E22: Lins Agroindustrial | F22: 1 | G22: Calha Rolo Inferior - 78" | H22: - | I22: - | J22: 46376 | L22: =Tabela4[[#This Row],[Prazo Entrega]]-TODAY() -> 146 | M22: =IF(L22<0,"ATRASADO",IF(L22<=15,"ATENÇÃO","NO PRAZO")) -> NO PRAZO | N22: c/ usinagem | O22: 46203 | P22: AG. | Q22: AG. DES. ENG.
A23: 2331 | B23: 26 | C23: - | D23: - | E23: Lins Agroindustrial | F23: 1 | G23: Calha Rolo Inferior - 78" | H23: - | I23: - | J23: 46376 | L23: =Tabela4[[#This Row],[Prazo Entrega]]-TODAY() -> 146 | M23: =IF(L23<0,"ATRASADO",IF(L23<=15,"ATENÇÃO","NO PRAZO")) -> NO PRAZO | N23: c/ usinagem | O23: 46203 | P23: AG. | Q23: AG. DES. ENG.
A24: 2331 | B24: 27 | C24: - | D24: - | E24: Lins Agroindustrial | F24: 1 | G24: Calha Rolo Inferior - 78" | H24: - | I24: - | J24: 46376 | L24: =Tabela4[[#This Row],[Prazo Entrega]]-TODAY() -> 146 | M24: =IF(L24<0,"ATRASADO",IF(L24<=15,"ATENÇÃO","NO PRAZO")) -> NO PRAZO | N24: c/ usinagem | O24: 46203 | P24: AG. | Q24: AG. DES. ENG.
A25: 2331 | B25: 28 | C25: - | D25: - | E25: Lins Agroindustrial | F25: 1 | G25: Calha Rolo Inferior - 78" | H25: - | I25: - | J25: 46376 | L25: =Tabela4[[#This Row],[Prazo Entrega]]-TODAY() -> 146 | M25: =IF(L25<0,"ATRASADO",IF(L25<=15,"ATENÇÃO","NO PRAZO")) -> NO PRAZO | N25: c/ usinagem | O25: 46203 | P25: AG. | Q25: AG. DES. ENG.
A26: 2331 | B26: 29 | C26: - | D26: - | E26: Lins Agroindustrial | F26: 1 | G26: Calha Rolo Inferior - 78" | H26: - | I26: - | J26: 46376 | L26: =Tabela4[[#This Row],[Prazo Entrega]]-TODAY() -> 146 | M26: =IF(L26<0,"ATRASADO",IF(L26<=15,"ATENÇÃO","NO PRAZO")) -> NO PRAZO | N26: c/ usinagem | O26: 46203 | P26: AG. | Q26: AG. DES. ENG.
A27: 2331 | B27: 30 | C27: - | D27: - | E27: Lins Agroindustrial | F27: 1 | G27: Calha Rolo Inferior - 54" | H27: - | I27: - | J27: 46376 | L27: =Tabela4[[#This Row],[Prazo Entrega]]-TODAY() -> 146 | M27: =IF(L27<0,"ATRASADO",IF(L27<=15,"ATENÇÃO","NO PRAZO")) -> NO PRAZO | N27: c/ usinagem | O27: 46203 | P27: AG. | Q27: AG. DES. ENG.
A28: 2331 | B28: 31 | C28: - | D28: - | E28: Lins Agroindustrial | F28: 1 | G28: Calha Rolo Inferior - 54" | H28: - | I28: - | J28: 46376 | L28: =Tabela4[[#This Row],[Prazo Entrega]]-TODAY() -> 146 | M28: =IF(L28<0,"ATRASADO",IF(L28<=15,"ATENÇÃO","NO PRAZO")) -> NO PRAZO | N28: c/ usinagem | O28: 46203 | P28: AG. | Q28: AG. DES. ENG.
A29: 2331 | B29: 32 | C29: - | D29: - | E29: Lins Agroindustrial | F29: 1 | G29: Calha Rolo Inferior - 54" | H29: - | I29: - | J29: 46376 | L29: =Tabela4[[#This Row],[Prazo Entrega]]-TODAY() -> 146 | M29: =IF(L29<0,"ATRASADO",IF(L29<=15,"ATENÇÃO","NO PRAZO")) -> NO PRAZO | N29: c/ usinagem | O29: 46203 | P29: AG. | Q29: AG. DES. ENG.
A30: 2331 | B30: 33 | C30: - | D30: - | E30: Lins Agroindustrial | F30: 1 | G30: Calha Rolo Inferior - 54" | H30: - | I30: - | J30: 46376 | L30: =Tabela4[[#This Row],[Prazo Entrega]]-TODAY() -> 146 | M30: =IF(L30<0,"ATRASADO",IF(L30<=15,"ATENÇÃO","NO PRAZO")) -> NO PRAZO | N30: c/ usinagem | O30: 46203 | P30: AG. | Q30: AG. DES. ENG.
... A52: 2331 | B52: 55 | C52: - | D52: - | E52: Lins Agroindustrial | F52: 1 | G52: Capa Mancal Inferior - 54" | H52: - | I52: - | J52: 46376 | L52: =Tabela4[[#This Row],[Prazo Entrega]]-TODAY() -> 146 | M52: =IF(L52<0,"ATRASADO",IF(L52<=15,"ATENÇÃO","NO PRAZO")) -> NO PRAZO | N52: c/ usinagem | O52: 46203 | P52: AG. | Q52: AG. DES. ENG.
A53: 1798 | B53: 9 | C53: 1343033 | D53: 1 | E53: Sta Terezinha Terra Rica | F53: 1 | G53: Suporte da Bagaceira - 78" | H53: 46142 | I53: 46128 | J53: 46203 | K53: 46197 | L53: =Tabela4[[#This Row],[Prazo Entrega]]-TODAY() -> -27 | M53: PRONTO | N53: c/ usinagem | O53: OK | P53: OK | Q53: AG. COLETAR
A54: 2333 | B54: 8 | C54: - | D54: - | E54: Ipiranga Passos | F54: 1 | G54: Calha Alta Drenagem Inox - 66" | H54: - | I54: - | J54: 46356 | L54: =Tabela4[[#This Row],[Prazo Entrega]]-TODAY() -> 126 | M54: =IF(L54<0,"ATRASADO",IF(L54<=15,"ATENÇÃO","NO PRAZO")) -> NO PRAZO | N54: c/ usinagem | O54: 46203 | P54: AG. | Q54: AG. DES. ENG.
A55: 2333 | B55: 9 | C55: - | D55: - | E55: Ipiranga Passos | F55: 1 | G55: Calha Alta Drenagem Inox - 66" | H55: - | I55: - | J55: 46356 | L55: =Tabela4[[#This Row],[Prazo Entrega]]-TODAY() -> 126 | M55: =IF(L55<0,"ATRASADO",IF(L55<=15,"ATENÇÃO","NO PRAZO")) -> NO PRAZO | N55: c/ usinagem | O55: 46203 | P55: AG. | Q55: AG. DES. ENG.
A56: 2333 | B56: 11 | C56: - | D56: - | E56: Ipiranga Passos | F56: 1 | G56: Flange Rolo Sup. Alta Drenagem 66" - 1T | H56: - | I56: - | J56: 46356 | L56: =Tabela4[[#This Row],[Prazo Entrega]]-TODAY() -> 126 | M56: =IF(L56<0,"ATRASADO",IF(L56<=15,"ATENÇÃO","NO PRAZO")) -> NO PRAZO | N56: c/ usinagem | O56: 46203 | P56: AG. | Q56: AG. DES. ENG.
A57: 2333 | B57: 12 | C57: - | D57: - | E57: Ipiranga Passos | F57: 1 | G57: Flange Rolo Sup. Alta Drenagem 66" - 1T | H57: - | I57: - | J57: 46356 | L57: =Tabela4[[#This Row],[Prazo Entrega]]-TODAY() -> 126 | M57: =IF(L57<0,"ATRASADO",IF(L57<=15,"ATENÇÃO","NO PRAZO")) -> NO PRAZO | N57: c/ usinagem | O57: 46203 | P57: AG. | Q57: AG. DES. ENG.
A58: 2333 | B58: 13 | C58: - | D58: - | E58: Ipiranga Passos | F58: 1 | G58: Flange Rolo Sup. Alta Drenagem 66" - 5T | H58: - | I58: - | J58: 46356 | L58: =Tabela4[[#This Row],[Prazo Entrega]]-TODAY() -> 126 | M58: =IF(L58<0,"ATRASADO",IF(L58<=15,"ATENÇÃO","NO PRAZO")) -> NO PRAZO | N58: c/ usinagem | O58: 46203 | P58: AG. | Q58: AG. DES. ENG.
A59: 2333 | B59: 14 | C59: - | D59: - | E59: Ipiranga Passos | F59: 1 | G59: Flange Rolo Sup. Alta Drenagem 66" - 5T | H59: - | I59: - | J59: 46356 | L59: =Tabela4[[#This Row],[Prazo Entrega]]-TODAY() -> 126 | M59: =IF(L59<0,"ATRASADO",IF(L59<=15,"ATENÇÃO","NO PRAZO")) -> NO PRAZO | N59: c/ usinagem | O59: 46203 | P59: AG. | Q59: AG. DES. ENG.
A60: 2333 | B60: 55 | C60: 27616 | D60: 49 | E60: Ipiranga Passos | F60: 1 | G60: Munhão c/ Inox - 66" | H60: 46295 | J60: 46356 | L60: =Tabela4[[#This Row],[Prazo Entrega]]-TODAY() -> 126 | M60: =IF(L60<0,"ATRASADO",IF(L60<=15,"ATENÇÃO","NO PRAZO")) -> NO PRAZO | N60: c/ usinagem | O60: 46203 | P60: AG. | Q60: AG. DES. ENG. | R60: AG. INFORMAÇÃO DO CLIENTE
A61: 2333 | B61: 56 | C61: 27616 | D61: 50 | E61: Ipiranga Passos | F61: 1 | G61: Munhão c/ Inox - 66" | H61: 46295 | J61: 46356 | L61: =Tabela4[[#This Row],[Prazo Entrega]]-TODAY() -> 126 | M61: =IF(L61<0,"ATRASADO",IF(L61<=15,"ATENÇÃO","NO PRAZO")) -> NO PRAZO | N61: c/ usinagem | O61: 46203 | P61: AG. | Q61: AG. DES. ENG. | R61: AG. INFORMAÇÃO DO CLIENTE
A62: 2333 | B62: 57 | C62: 27616 | D62: 51 | E62: Ipiranga Passos | F62: 1 | G62: Suporte da Bagaceira - 66" | H62: 46295 | J62: 46356 | L62: =Tabela4[[#This Row],[Prazo Entrega]]-TODAY() -> 126 | M62: =IF(L62<0,"ATRASADO",IF(L62<=15,"ATENÇÃO","NO PRAZO")) -> NO PRAZO | N62: c/ usinagem | O62: 46203 | P62: AG. | Q62: AG. DES. ENG. | R62: AG. INFORMAÇÃO DO CLIENTE
A63: 2333 | B63: 63 | C63: - | D63: - | E63: Ipiranga Passos | F63: 1 | G63: Kit Vedação Borracha SUP - 66" | H63: - | I63: - | J63: 46356 | L63: =Tabela4[[#This Row],[Prazo Entrega]]-TODAY() -> 126 | M63: =IF(L63<0,"ATRASADO",IF(L63<=15,"ATENÇÃO","NO PRAZO")) -> NO PRAZO | N63: - | O63: 46233 | P63: AG. | Q63: AG. DES. ENG.
A64: 2333 | B64: 64 | C64: - | D64: - | E64: Ipiranga Passos | F64: 1 | G64: Kit Vedação Borracha SUP - 66" | H64: - | I64: - | J64: 46356 | L64: =Tabela4[[#This Row],[Prazo Entrega]]-TODAY() -> 126 | M64: =IF(L64<0,"ATRASADO",IF(L64<=15,"ATENÇÃO","NO PRAZO")) -> NO PRAZO | N64: - | O64: 46233 | P64: AG. | Q64: AG. DES. ENG.
A65: 2333 | B65: 65 | C65: - | D65: - | E65: Ipiranga Passos | F65: 1 | G65: Kit Vedação Borracha SUP - 66" | H65: - | I65: - | J65: 46356 | L65: =Tabela4[[#This Row],[Prazo Entrega]]-TODAY() -> 126 | M65: =IF(L65<0,"ATRASADO",IF(L65<=15,"ATENÇÃO","NO PRAZO")) -> NO PRAZO | N65: - | O65: 46233 | P65: AG. | Q65: AG. DES. ENG.
A66: 2333 | B66: 66 | C66: - | D66: - | E66: Ipiranga Passos | F66: 1 | G66: Kit Vedação Borracha SUP - 66" | H66: - | I66: - | J66: 46356 | L66: =Tabela4[[#This Row],[Prazo Entrega]]-TODAY() -> 126 | M66: =IF(L66<0,"ATRASADO",IF(L66<=15,"ATENÇÃO","NO PRAZO")) -> NO PRAZO | N66: - | O66: 46233 | P66: AG. | Q66: AG. DES. ENG.
A67: 2333 | B67: 67 | C67: - | D67: - | E67: Ipiranga Passos | F67: 1 | G67: Kit Vedação Borracha SUP - 66" | H67: - | I67: - | J67: 46356 | L67: =Tabela4[[#This Row],[Prazo Entrega]]-TODAY() -> 126 | M67: =IF(L67<0,"ATRASADO",IF(L67<=15,"ATENÇÃO","NO PRAZO")) -> NO PRAZO | N67: - | O67: 46233 | P67: AG. | Q67: AG. DES. ENG.
A68: 2333 | B68: 68 | C68: - | D68: - | E68: Ipiranga Passos | F68: 1 | G68: Kit Vedação Borracha INF - 66" | H68: - | I68: - | J68: 46356 | L68: =Tabela4[[#This Row],[Prazo Entrega]]-TODAY() -> 126 | M68: =IF(L68<0,"ATRASADO",IF(L68<=15,"ATENÇÃO","NO PRAZO")) -> NO PRAZO | N68: - | O68: 46233 | P68: AG. | Q68: AG. DES. ENG.
A69: 2333 | B69: 69 | C69: - | D69: - | E69: Ipiranga Passos | F69: 1 | G69: Kit Vedação Borracha INF - 66" | H69: - | I69: - | J69: 46356 | L69: =Tabela4[[#This Row],[Prazo Entrega]]-TODAY() -> 126 | M69: =IF(L69<0,"ATRASADO",IF(L69<=15,"ATENÇÃO","NO PRAZO")) -> NO PRAZO | N69: - | O69: 46233 | P69: AG. | Q69: AG. DES. ENG.
A70: 2333 | B70: 70 | C70: - | D70: - | E70: Ipiranga Passos | F70: 1 | G70: Kit Vedação Borracha INF - 66" | H70: - | I70: - | J70: 46356 | L70: =Tabela4[[#This Row],[Prazo Entrega]]-TODAY() -> 126 | M70: =IF(L70<0,"ATRASADO",IF(L70<=15,"ATENÇÃO","NO PRAZO")) -> NO PRAZO | N70: - | O70: 46233 | P70: AG. | Q70: AG. DES. ENG.
A71: 2333 | B71: 71 | C71: - | D71: - | E71: Ipiranga Passos | F71: 1 | G71: Kit Vedação Borracha INF - 66" | H71: - | I71: - | J71: 46356 | L71: =Tabela4[[#This Row],[Prazo Entrega]]-TODAY() -> 126 | M71: =IF(L71<0,"ATRASADO",IF(L71<=15,"ATENÇÃO","NO PRAZO")) -> NO PRAZO | N71: - | O71: 46233 | P71: AG. | Q71: AG. DES. ENG.
A72: 2333 | B72: 72 | C72: - | D72: - | E72: Ipiranga Passos | F72: 1 | G72: Kit Vedação Borracha INF - 66" | H72: - | I72: - | J72: 46356 | L72: =Tabela4[[#This Row],[Prazo Entrega]]-TODAY() -> 126 | M72: =IF(L72<0,"ATRASADO",IF(L72<=15,"ATENÇÃO","NO PRAZO")) -> NO PRAZO | N72: - | O72: 46233 | P72: AG. | Q72: AG. DES. ENG.
A73: 2333 | B73: 73 | C73: - | D73: - | E73: Ipiranga Passos | F73: 1 | G73: Kit Vedação Borracha INF - 66" | H73: - | I73: - | J73: 46356 | L73: =Tabela4[[#This Row],[Prazo Entrega]]-TODAY() -> 126 | M73: =IF(L73<0,"ATRASADO",IF(L73<=15,"ATENÇÃO","NO PRAZO")) -> NO PRAZO | N73: - | O73: 46233 | P73: AG. | Q73: AG. DES. ENG.
A74: 2333 | B74: 74 | C74: - | D74: - | E74: Ipiranga Passos | F74: 1 | G74: Kit Vedação Borracha INF - 66" | H74: - | I74: - | J74: 46356 | L74: =Tabela4[[#This Row],[Prazo Entrega]]-TODAY() -> 126 | M74: =IF(L74<0,"ATRASADO",IF(L74<=15,"ATENÇÃO","NO PRAZO")) -> NO PRAZO | N74: - | O74: 46233 | P74: AG. | Q74: AG. DES. ENG.
... A88: 2333 | B88: 88 | C88: - | D88: - | E88: Ipiranga Passos | F88: 1 | G88: Substituição Elementos Fixações - 66" | H88: - | I88: - | J88: 46356 | L88: =Tabela4[[#This Row],[Prazo Entrega]]-TODAY() -> 126 | M88: =IF(L88<0,"ATRASADO",IF(L88<=15,"ATENÇÃO","NO PRAZO")) -> NO PRAZO | N88: - | O88: 46233 | P88: AG. | Q88: AG. DES. ENG.
A89: 1945 | B89: 1 | C89: - | D89: - | E89: Cafealcool | F89: 1 | G89: Cj. Desfibrador COP.5 54" | H89: - | I89: - | J89: 46203 | K89: 46172 | L89: =Tabela4[[#This Row],[Prazo Entrega]]-TODAY() -> -27 | M89: PRONTO | N89: - | O89: OK | P89: OK | Q89: AG. COLETAR
A90: 2345 | B90: 2 | C90: - | D90: - | E90: Atvos Santa Luzia | F90: 1 | G90: Flange Sup. De Alta Drenagem | H90: - | I90: - | J90: 46371 | L90: =Tabela4[[#This Row],[Prazo Entrega]]-TODAY() -> 141 | M90: =IF(L90<0,"ATRASADO",IF(L90<=15,"ATENÇÃO","NO PRAZO")) -> NO PRAZO | N90: - | O90: 46264 | P90: AG. | Q90: AG. DES. ENG.
A91: 2345 | B91: 3 | C91: - | D91: - | E91: Atvos Santa Luzia | F91: 1 | G91: Flange Sup. De Alta Drenagem | H91: - | I91: - | J91: 46371 | L91: =Tabela4[[#This Row],[Prazo Entrega]]-TODAY() -> 141 | M91: =IF(L91<0,"ATRASADO",IF(L91<=15,"ATENÇÃO","NO PRAZO")) -> NO PRAZO | N91: - | O91: 46264 | P91: AG. | Q91: AG. DES. ENG.
A92: 2345 | B92: 4 | C92: - | D92: - | E92: Atvos Santa Luzia | F92: 1 | G92: Calha Em Chapa Inferior (AISI 304) | H92: - | I92: - | J92: 46371 | L92: =Tabela4[[#This Row],[Prazo Entrega]]-TODAY() -> 141 | M92: =IF(L92<0,"ATRASADO",IF(L92<=15,"ATENÇÃO","NO PRAZO")) -> NO PRAZO | N92: - | O92: 46264 | P92: AG. | Q92: AG. DES. ENG.
A93: 2345 | B93: 5 | C93: - | D93: - | E93: Atvos Santa Luzia | F93: 1 | G93: Calha Em Chapa Inferior (AISI 304) | H93: - | I93: - | J93: 46371 | L93: =Tabela4[[#This Row],[Prazo Entrega]]-TODAY() -> 141 | M93: =IF(L93<0,"ATRASADO",IF(L93<=15,"ATENÇÃO","NO PRAZO")) -> NO PRAZO | N93: - | O93: 46264 | P93: AG. | Q93: AG. DES. ENG.
A94: 2345 | B94: 6 | C94: - | D94: - | E94: Atvos Santa Luzia | F94: 1 | G94: Chapa De Vedação Ø1330 | H94: - | I94: - | J94: 46371 | L94: =Tabela4[[#This Row],[Prazo Entrega]]-TODAY() -> 141 | M94: =IF(L94<0,"ATRASADO",IF(L94<=15,"ATENÇÃO","NO PRAZO")) -> NO PRAZO | N94: - | O94: 46264 | P94: AG. | Q94: AG. DES. ENG.
A95: 2345 | B95: 7 | C95: - | D95: - | E95: Atvos Santa Luzia | F95: 1 | G95: Chapa De Vedação Ø1330 | H95: - | I95: - | J95: 46371 | L95: =Tabela4[[#This Row],[Prazo Entrega]]-TODAY() -> 141 | M95: =IF(L95<0,"ATRASADO",IF(L95<=15,"ATENÇÃO","NO PRAZO")) -> NO PRAZO | N95: - | O95: 46264 | P95: AG. | Q95: AG. DES. ENG.
A96: 2345 | B96: 8 | C96: - | D96: - | E96: Atvos Santa Luzia | F96: 36 | G96: Arruela Esférica | H96: - | I96: - | J96: 46371 | L96: =Tabela4[[#This Row],[Prazo Entrega]]-TODAY() -> 141 | M96: =IF(L96<0,"ATRASADO",IF(L96<=15,"ATENÇÃO","NO PRAZO")) -> NO PRAZO | N96: - | O96: 46264 | P96: AG. | Q96: AG. DES. ENG.
A97: 2345 | B97: 9 | C97: - | D97: - | E97: Atvos Santa Luzia | F97: 36 | G97: Parafuso De Flange | H97: - | I97: - | J97: 46371 | L97: =Tabela4[[#This Row],[Prazo Entrega]]-TODAY() -> 141 | M97: =IF(L97<0,"ATRASADO",IF(L97<=15,"ATENÇÃO","NO PRAZO")) -> NO PRAZO | N97: - | O97: 46264 | P97: AG. | Q97: AG. DES. ENG.
A98: 2348 | B98: 9 | C98: - | D98: - | E98: Sta Terezinha Iguatemi | F98: 2 | G98: FLANGE SUP. DE ALTA DRENAGEM -54" | H98: - | I98: - | J98: 46297 | L98: =Tabela4[[#This Row],[Prazo Entrega]]-TODAY() -> 67 | M98: =IF(L98<0,"ATRASADO",IF(L98<=15,"ATENÇÃO","NO PRAZO")) -> NO PRAZO | N98: - | O98: 46264 | P98: AG. | Q98: AG. DES. ENG.
A99: 2348 | B99: 10 | C99: - | D99: - | E99: Sta Terezinha Iguatemi | F99: 2 | G99: FLANGE SUP. DE ALTA DRENAGEM -54" | H99: - | I99: - | J99: 46297 | L99: =Tabela4[[#This Row],[Prazo Entrega]]-TODAY() -> 67 | M99: =IF(L99<0,"ATRASADO",IF(L99<=15,"ATENÇÃO","NO PRAZO")) -> NO PRAZO | N99: - | O99: 46264 | P99: AG. | Q99: AG. DES. ENG.
A100: 2348 | B100: 11 | C100: - | D100: - | E100: Sta Terezinha Iguatemi | F100: 2 | G100: FLANGE SUP. DE ALTA DRENAGEM -54" | H100: - | I100: - | J100: 46297 | L100: =Tabela4[[#This Row],[Prazo Entrega]]-TODAY() -> 67 | M100: =IF(L100<0,"ATRASADO",IF(L100<=15,"ATENÇÃO","NO PRAZO")) -> NO PRAZO | N100: - | O100: 46264 | P100: AG. | Q100: AG. DES. ENG.
A101: 2348 | B101: 12 | C101: - | D101: - | E101: Sta Terezinha Iguatemi | F101: 1 | G101: CALHA ROLO INFERIOR AISI 304 - 54" | H101: - | I101: - | J101: 46297 | L101: =Tabela4[[#This Row],[Prazo Entrega]]-TODAY() -> 67 | M101: =IF(L101<0,"ATRASADO",IF(L101<=15,"ATENÇÃO","NO PRAZO")) -> NO PRAZO | N101: - | O101: 46264 | P101: AG. | Q101: AG. DES. ENG.
... A107: 2349 | B107: 9 | C107: - | D107: - | E107: Sta Terezinha Terra Rica | F107: 1 | G107: FLANGE SUPERIOR EM CHAPA - 54" | H107: - | I107: - | J107: 46356 | L107: =Tabela4[[#This Row],[Prazo Entrega]]-TODAY() -> 126 | M107: =IF(L107<0,"ATRASADO",IF(L107<=15,"ATENÇÃO","NO PRAZO")) -> NO PRAZO | N107: - | O107: 46264 | P107: AG. | Q107: AG. DES. ENG.
A108: 2349 | B108: 10 | C108: 1343012 | D108: - | E108: Sta Terezinha Terra Rica | F108: 1 | G108: SUPORTE DA BAlANÇA (MUNHÃO) - 54" | H108: 46275 | J108: 46356 | L108: =Tabela4[[#This Row],[Prazo Entrega]]-TODAY() -> 126 | M108: =IF(L108<0,"ATRASADO",IF(L108<=15,"ATENÇÃO","NO PRAZO")) -> NO PRAZO | N108: - | O108: OK | P108: OK | Q108: AG. FUNDIDO
A109: 2349 | B109: 11 | C109: 1343012 | D109: - | E109: Sta Terezinha Terra Rica | F109: 1 | G109: SUPORTE DA BAlANÇA (MUNHÃO) - 54" | H109: 46275 | J109: 46356 | L109: =Tabela4[[#This Row],[Prazo Entrega]]-TODAY() -> 126 | M109: =IF(L109<0,"ATRASADO",IF(L109<=15,"ATENÇÃO","NO PRAZO")) -> NO PRAZO | N109: - | O109: OK | P109: OK | Q109: AG. FUNDIDO
A110: 2349 | B110: 12 | C110: 1343012 | D110: - | E110: Sta Terezinha Terra Rica | F110: 1 | G110: SUPORTE DA BAlANÇA (MUNHÃO) - 54" | H110: 46275 | J110: 46356 | L110: =Tabela4[[#This Row],[Prazo Entrega]]-TODAY() -> 126 | M110: =IF(L110<0,"ATRASADO",IF(L110<=15,"ATENÇÃO","NO PRAZO")) -> NO PRAZO | N110: - | O110: OK | P110: OK | Q110: AG. FUNDIDO
A111: 2349 | B111: 13 | C111: 1343012 | D111: - | E111: Sta Terezinha Terra Rica | F111: 1 | G111: SUPORTE DA BAlANÇA (MUNHÃO) - 54" | H111: 46275 | J111: 46356 | L111: =Tabela4[[#This Row],[Prazo Entrega]]-TODAY() -> 126 | M111: =IF(L111<0,"ATRASADO",IF(L111<=15,"ATENÇÃO","NO PRAZO")) -> NO PRAZO | N111: - | O111: OK | P111: OK | Q111: AG. FUNDIDO
A112: 2349 | B112: 14 | C112: - | D112: - | E112: Sta Terezinha Terra Rica | F112: 1 | G112: CALHA ROLO INFERIOR - MDA 54" | H112: - | I112: - | J112: 46356 | L112: =Tabela4[[#This Row],[Prazo Entrega]]-TODAY() -> 126 | M112: =IF(L112<0,"ATRASADO",IF(L112<=15,"ATENÇÃO","NO PRAZO")) -> NO PRAZO | N112: - | O112: 46264 | P112: AG. | Q112: AG. DES. ENG.
A113: 2349 | B113: 15 | C113: - | D113: - | E113: Sta Terezinha Terra Rica | F113: 1 | G113: CALHA ROLO INFERIOR - MDA 54" | H113: - | I113: - | J113: 46356 | L113: =Tabela4[[#This Row],[Prazo Entrega]]-TODAY() -> 126 | M113: =IF(L113<0,"ATRASADO",IF(L113<=15,"ATENÇÃO","NO PRAZO")) -> NO PRAZO | N113: - | O113: 46264 | P113: AG. | Q113: AG. DES. ENG.
A114: 2349 | B114: 16 | C114: - | D114: - | E114: Sta Terezinha Terra Rica | F114: 1 | G114: CALHA ROLO INFERIOR - MDA 54" | H114: - | I114: - | J114: 46356 | L114: =Tabela4[[#This Row],[Prazo Entrega]]-TODAY() -> 126 | M114: =IF(L114<0,"ATRASADO",IF(L114<=15,"ATENÇÃO","NO PRAZO")) -> NO PRAZO | N114: - | O114: 46264 | P114: AG. | Q114: AG. DES. ENG.
A115: 2349 | B115: 17 | C115: - | D115: - | E115: Sta Terezinha Terra Rica | F115: 1 | G115: CALHA ROLO INFERIOR - MDA 54" | H115: - | I115: - | J115: 46356 | L115: =Tabela4[[#This Row],[Prazo Entrega]]-TODAY() -> 126 | M115: =IF(L115<0,"ATRASADO",IF(L115<=15,"ATENÇÃO","NO PRAZO")) -> NO PRAZO | N115: - | O115: 46264 | P115: AG. | Q115: AG. DES. ENG.
A116: 2349 | B116: 18 | C116: - | D116: - | E116: Sta Terezinha Terra Rica | F116: 1 | G116: CALHA ROLO INFERIOR - MDA 54" | H116: - | I116: - | J116: 46356 | L116: =Tabela4[[#This Row],[Prazo Entrega]]-TODAY() -> 126 | M116: =IF(L116<0,"ATRASADO",IF(L116<=15,"ATENÇÃO","NO PRAZO")) -> NO PRAZO | N116: - | O116: 46264 | P116: AG. | Q116: AG. DES. ENG.
A117: 2349 | B117: 19 | C117: - | D117: - | E117: Sta Terezinha Terra Rica | F117: 1 | G117: CALHA ROLO INFERIOR - MDA 54" | H117: - | I117: - | J117: 46356 | L117: =Tabela4[[#This Row],[Prazo Entrega]]-TODAY() -> 126 | M117: =IF(L117<0,"ATRASADO",IF(L117<=15,"ATENÇÃO","NO PRAZO")) -> NO PRAZO | N117: - | O117: 46264 | P117: AG. | Q117: AG. DES. ENG.
A118: 2349 | B118: 20 | C118: - | D118: - | E118: Sta Terezinha Terra Rica | F118: 1 | G118: CALHA ROLO INFERIOR - MDA 54" | H118: - | I118: - | J118: 46356 | L118: =Tabela4[[#This Row],[Prazo Entrega]]-TODAY() -> 126 | M118: =IF(L118<0,"ATRASADO",IF(L118<=15,"ATENÇÃO","NO PRAZO")) -> NO PRAZO | N118: - | O118: 46264 | P118: AG. | Q118: AG. DES. ENG.
A119: 2349 | B119: 21 | C119: - | D119: - | E119: Sta Terezinha Terra Rica | F119: 1 | G119: CALHA ROLO INFERIOR - MDA 54" | H119: - | I119: - | J119: 46356 | L119: =Tabela4[[#This Row],[Prazo Entrega]]-TODAY() -> 126 | M119: =IF(L119<0,"ATRASADO",IF(L119<=15,"ATENÇÃO","NO PRAZO")) -> NO PRAZO | N119: - | O119: 46264 | P119: AG. | Q119: AG. DES. ENG.
A120: 2349 | B120: 23 | C120: - | D120: - | E120: Sta Terezinha Terra Rica | F120: 1 | G120: CALHA ROLO INFERIOR - MDA 78" | H120: - | I120: - | J120: 46356 | L120: =Tabela4[[#This Row],[Prazo Entrega]]-TODAY() -> 126 | M120: =IF(L120<0,"ATRASADO",IF(L120<=15,"ATENÇÃO","NO PRAZO")) -> NO PRAZO | N120: - | O120: 46264 | P120: AG. | Q120: AG. DES. ENG.
A121: 2349 | B121: 24 | C121: - | D121: - | E121: Sta Terezinha Terra Rica | F121: 1 | G121: CALHA ROLO INFERIOR - MDA 78" | H121: - | I121: - | J121: 46356 | L121: =Tabela4[[#This Row],[Prazo Entrega]]-TODAY() -> 126 | M121: =IF(L121<0,"ATRASADO",IF(L121<=15,"ATENÇÃO","NO PRAZO")) -> NO PRAZO | N121: - | O121: 46264 | P121: AG. | Q121: AG. DES. ENG.
A122: 2349 | B122: 25 | C122: - | D122: - | E122: Sta Terezinha Terra Rica | F122: 1 | G122: CALHA ROLO INFERIOR - MDA 78" | H122: - | I122: - | J122: 46356 | L122: =Tabela4[[#This Row],[Prazo Entrega]]-TODAY() -> 126 | M122: =IF(L122<0,"ATRASADO",IF(L122<=15,"ATENÇÃO","NO PRAZO")) -> NO PRAZO | N122: - | O122: 46264 | P122: AG. | Q122: AG. DES. ENG.
A123: 2349 | B123: 26 | C123: - | D123: - | E123: Sta Terezinha Terra Rica | F123: 1 | G123: CALHA ROLO INFERIOR - MDA 78" | H123: - | I123: - | J123: 46356 | L123: =Tabela4[[#This Row],[Prazo Entrega]]-TODAY() -> 126 | M123: =IF(L123<0,"ATRASADO",IF(L123<=15,"ATENÇÃO","NO PRAZO")) -> NO PRAZO | N123: - | O123: 46264 | P123: AG. | Q123: AG. DES. ENG.
A124: 2354 | B124: 6 | C124: 27639 | D124: - | E124: Sta Terezinha Tapejara | F124: 1 | G124: CAIXA DE MANCAL INF S/ INOX - 84" | H124: 46295 | I124: - | J124: 46386 | L124: =Tabela4[[#This Row],[Prazo Entrega]]-TODAY() -> 156 | M124: =IF(L124<0,"ATRASADO",IF(L124<=15,"ATENÇÃO","NO PRAZO")) -> NO PRAZO | N124: - | O124: 46264 | P124: AG. | Q124: AG. FUNDIDO
A125: 2354 | B125: 7 | C125: 27639 | D125: - | E125: Sta Terezinha Tapejara | F125: 1 | G125: CAIXA DE MANCAL INF S/ INOX - 84" | H125: 46295 | I125: - | J125: 46386 | L125: =Tabela4[[#This Row],[Prazo Entrega]]-TODAY() -> 156 | M125: =IF(L125<0,"ATRASADO",IF(L125<=15,"ATENÇÃO","NO PRAZO")) -> NO PRAZO | N125: - | O125: 46264 | P125: AG. | Q125: AG. FUNDIDO
A126: 2354 | B126: 8 | C126: 27639 | D126: - | E126: Sta Terezinha Tapejara | F126: 1 | G126: CAPA MANCAL INFERIOR - 84" | H126: 46295 | I126: - | J126: 46386 | L126: =Tabela4[[#This Row],[Prazo Entrega]]-TODAY() -> 156 | M126: =IF(L126<0,"ATRASADO",IF(L126<=15,"ATENÇÃO","NO PRAZO")) -> NO PRAZO | N126: - | O126: 46264 | P126: AG. | Q126: AG. FUNDIDO
A127: 2354 | B127: 9 | C127: 27639 | D127: - | E127: Sta Terezinha Tapejara | F127: 1 | G127: CAPA MANCAL INFERIOR - 84" | H127: 46295 | I127: - | J127: 46386 | L127: =Tabela4[[#This Row],[Prazo Entrega]]-TODAY() -> 156 | M127: =IF(L127<0,"ATRASADO",IF(L127<=15,"ATENÇÃO","NO PRAZO")) -> NO PRAZO | N127: - | O127: 46264 | P127: AG. | Q127: AG. FUNDIDO
A128: 2354 | B128: 10 | C128: - | D128: - | E128: Sta Terezinha Tapejara | F128: 1 | G128: BRAÇO PENTE SUP. (ESQUERDO) - MDA 84" | H128: - | I128: - | J128: 46386 | L128: =Tabela4[[#This Row],[Prazo Entrega]]-TODAY() -> 156 | M128: =IF(L128<0,"ATRASADO",IF(L128<=15,"ATENÇÃO","NO PRAZO")) -> NO PRAZO | N128: - | O128: 46264 | P128: AG. | Q128: AG. DES. ENG.
A129: 2354 | B129: 11 | C129: - | D129: - | E129: Sta Terezinha Tapejara | F129: 1 | G129: BRAÇO PENTE SUP. (DIREITO) - MDA 84" | H129: - | I129: - | J129: 46386 | L129: =Tabela4[[#This Row],[Prazo Entrega]]-TODAY() -> 156 | M129: =IF(L129<0,"ATRASADO",IF(L129<=15,"ATENÇÃO","NO PRAZO")) -> NO PRAZO | N129: - | O129: 46264 | P129: AG. | Q129: AG. DES. ENG.
A130: 2354 | B130: 12 | C130: - | D130: - | E130: Sta Terezinha Tapejara | F130: 2 | G130: PARAFUSO DE REGULAGEM - MDA 84" A | H130: - | I130: - | J130: 46386 | L130: =Tabela4[[#This Row],[Prazo Entrega]]-TODAY() -> 156 | M130: =IF(L130<0,"ATRASADO",IF(L130<=15,"ATENÇÃO","NO PRAZO")) -> NO PRAZO | N130: - | O130: 46264 | P130: AG. | Q130: AG. DES. ENG.
A131: 2354 | B131: 13 | C131: - | D131: - | E131: Sta Terezinha Tapejara | F131: 2 | G131: ALOJAMENTO DA PORCA DE REG. MDA 84" | H131: - | I131: - | J131: 46386 | L131: =Tabela4[[#This Row],[Prazo Entrega]]-TODAY() -> 156 | M131: =IF(L131<0,"ATRASADO",IF(L131<=15,"ATENÇÃO","NO PRAZO")) -> NO PRAZO | N131: - | O131: 46264 | P131: AG. | Q131: AG. DES. ENG.
A132: 2354 | B132: 14 | C132: - | D132: - | E132: Sta Terezinha Tapejara | F132: 2 | G132: PORCA DE REGULAGEM - MDA 84" | H132: - | I132: - | J132: 46386 | L132: =Tabela4[[#This Row],[Prazo Entrega]]-TODAY() -> 156 | M132: =IF(L132<0,"ATRASADO",IF(L132<=15,"ATENÇÃO","NO PRAZO")) -> NO PRAZO | N132: - | O132: 46264 | P132: AG. | Q132: AG. DES. ENG.
A133: 2354 | B133: 15 | C133: - | D133: - | E133: Sta Terezinha Tapejara | F133: 2 | G133: FECHAM DO ALOJ DA PORCA - MDA 84" | H133: - | I133: - | J133: 46386 | L133: =Tabela4[[#This Row],[Prazo Entrega]]-TODAY() -> 156 | M133: =IF(L133<0,"ATRASADO",IF(L133<=15,"ATENÇÃO","NO PRAZO")) -> NO PRAZO | N133: - | O133: 46264 | P133: AG. | Q133: AG. DES. ENG.
A134: 2354 | B134: 16 | C134: - | D134: - | E134: Sta Terezinha Tapejara | F134: 1 | G134: FLANGE SUP. DE ALTA DRENAGEM- 84" | H134: - | I134: - | J134: 46386 | L134: =Tabela4[[#This Row],[Prazo Entrega]]-TODAY() -> 156 | M134: =IF(L134<0,"ATRASADO",IF(L134<=15,"ATENÇÃO","NO PRAZO")) -> NO PRAZO | N134: - | O134: 46264 | P134: AG. | Q134: AG. DES. ENG.
A135: 2354 | B135: 17 | C135: - | D135: - | E135: Sta Terezinha Tapejara | F135: 1 | G135: FLANGE SUP. DE ALTA DRENAGEM- 84" | H135: - | I135: - | J135: 46386 | L135: =Tabela4[[#This Row],[Prazo Entrega]]-TODAY() -> 156 | M135: =IF(L135<0,"ATRASADO",IF(L135<=15,"ATENÇÃO","NO PRAZO")) -> NO PRAZO | N135: - | O135: 46264 | P135: AG. | Q135: AG. DES. ENG.
A136: 2354 | B136: 18 | C136: - | D136: - | E136: Sta Terezinha Tapejara | F136: 1 | G136: FLANGE SUP. DE ALTA DRENAGEM- 84" | H136: - | I136: - | J136: 46386 | L136: =Tabela4[[#This Row],[Prazo Entrega]]-TODAY() -> 156 | M136: =IF(L136<0,"ATRASADO",IF(L136<=15,"ATENÇÃO","NO PRAZO")) -> NO PRAZO | N136: - | O136: 46264 | P136: AG. | Q136: AG. DES. ENG.
A137: 2354 | B137: 19 | C137: - | D137: - | E137: Sta Terezinha Tapejara | F137: 1 | G137: FLANGE SUP. DE ALTA DRENAGEM- 84" | H137: - | I137: - | J137: 46386 | L137: =Tabela4[[#This Row],[Prazo Entrega]]-TODAY() -> 156 | M137: =IF(L137<0,"ATRASADO",IF(L137<=15,"ATENÇÃO","NO PRAZO")) -> NO PRAZO | N137: - | O137: 46264 | P137: AG. | Q137: AG. DES. ENG.
A138: 2354 | B138: 22 | C138: - | D138: - | E138: Sta Terezinha Tapejara | F138: 16 | G138: PLACA DESGASTE LATERAL - MDA 84" | H138: - | I138: - | J138: 46386 | L138: =Tabela4[[#This Row],[Prazo Entrega]]-TODAY() -> 156 | M138: =IF(L138<0,"ATRASADO",IF(L138<=15,"ATENÇÃO","NO PRAZO")) -> NO PRAZO | N138: - | O138: 46264 | P138: AG. | Q138: AG. DES. ENG.
A139: 2354 | B139: 23 | C139: - | D139: - | E139: Sta Terezinha Tapejara | F139: 16 | G139: PLACA DESGASTE (SAE-67) - MDA 84" | H139: - | I139: - | J139: 46386 | L139: =Tabela4[[#This Row],[Prazo Entrega]]-TODAY() -> 156 | M139: =IF(L139<0,"ATRASADO",IF(L139<=15,"ATENÇÃO","NO PRAZO")) -> NO PRAZO | N139: - | O139: 46264 | P139: AG. | Q139: AG. DES. ENG.
...

Sheet CAMISAS
A1: PV | B1: Item | C1: Cliente | D1: O.S./Peça | E1: Descrição | F1: Qtde. | G1: Bit | H1: Tipo | I1: Pos. | J1: Terno | K1: Forma | L1: Nº Eixo | M1: Prazo Fund | N1: Prazo Fund Real | O1: Prazo Entrega Camisa | P1: Desenho Previsão | Q1: Des. | R1: OP1 | S1: OP2 | T1: OP3 | U1: OP4 | V1: OP5 | W1: OP6 | X1: OP7 | Y1: OP8 | Z1: OP9 | AA1: Status Camisa | AB1: Observação
A2: 1015 | B2: - | C2: Cofco | D2: 6635 | E2: Camisa | F2: 1 | G2: 2300 | H2: Dren. | I2: - | J2: - | K2: Nova | M2: 46233 | O2: 46233 | P2: OK | Q2: OK | R2: Torno | S2: Coletor | T2: Radial | U2: Boquilha | V2: Montagem | W2: Acab. | X2: Solda | Y2: Broq. | Z2: Encam. | AA2: CONCLUÍDO | AB2: AG. EIXO CLIENTE
A3: 1027 | B3: - | C3: Água Bonita | D3: - | E3: Camisa | F3: 1 | G3: 84" | H3: Conv. | I3: Ent. | J3: 1º | K3: Refrisar | L3: 84(03) | M3: - | N3: - | O3: 46410 | P3: AG | Q3: AG | R3: Receber | S3: Grafitar | T3: Torno | U3: Solda | AA3: AG. PEÇA CLIENTE
A4: 1027 | B4: - | C4: Água Bonita | D4: - | E4: Camisa | F4: 1 | G4: 84" | H4: Conv. | I4: Saí | J4: 1º | K4: Refrisar | L4: 84(02) | M4: - | N4: - | O4: 46414 | P4: AG | Q4: AG | R4: Receber | S4: Grafitar | T4: Torno | U4: Solda | AA4: AG. PEÇA CLIENTE
A5: 1027 | B5: - | C5: Água Bonita | D5: - | E5: Camisa | F5: 1 | G5: 84" | H5: Conv. | I5: Ent. | J5: 2º | K5: Refrisar | L5: 9 | M5: - | N5: - | O5: 46416 | P5: AG | Q5: AG | R5: Receber | S5: Grafitar | T5: Torno | U5: Solda | AA5: AG. PEÇA CLIENTE
A6: 1027 | B6: - | C6: Água Bonita | D6: - | E6: Camisa | F6: 1 | G6: 1700 | H6: Conv. | I6: Saí | J6: 2º | K6: Refrisar | L6: 17 | M6: - | N6: - | O6: 46417 | P6: AG | Q6: AG | R6: Receber | S6: Grafitar | T6: Torno | U6: Solda | AA6: AG. PEÇA CLIENTE
A7: 1027 | B7: - | C7: Água Bonita | D7: - | E7: Camisa | F7: 1 | G7: 1700 | H7: Conv. | I7: Ent. | J7: 3º | K7: Refrisar | L7: 7 | M7: - | N7: - | O7: 46420 | P7: AG | Q7: AG | R7: Receber | S7: Grafitar | T7: Torno | U7: Solda | AA7: AG. PEÇA CLIENTE
A8: 1027 | B8: - | C8: Água Bonita | D8: 6822 | E8: Camisa | F8: 1 | G8: 1700 | H8: Conv. | I8: Saí | J8: 3º | K8: Nova | L8: 2 | M8: 46233 | N8: 46210 | O8: 46408 | P8: OK | Q8: OK | R8: Torno | S8: Radial | T8: Solda | U8: Broq. | V8: Encam. | AA8: EM USINAGEM
A9: 1027 | B9: - | C9: Água Bonita | D9: - | E9: Camisa | F9: 1 | G9: 1700 | H9: Conv. | I9: Ent. | J9: 4º | K9: Refrisar | L9: 3 | M9: - | N9: - | O9: 46421 | P9: AG | Q9: AG | R9: Receber | S9: Grafitar | T9: Torno | U9: Solda | AA9: AG. PEÇA CLIENTE
A10: 1027 | B10: - | C10: Água Bonita | D10: 6820 | E10: Camisa | F10: 1 | G10: 1700 | H10: Conv. | I10: Saí | J10: 4º | K10: Nova | L10: 10 | M10: 46233 | N10: 46206 | O10: 46403 | P10: OK | Q10: OK | R10: Torno | S10: Radial | T10: Solda | U10: Broq. | V10: Encam. | AA10: EM USINAGEM
A11: 1027 | B11: - | C11: Água Bonita | D11: - | E11: Camisa | F11: 1 | G11: 1700 | H11: Conv. | I11: Ent. | J11: 5º | K11: Refrisar | L11: 20 | M11: - | N11: - | O11: 46423 | P11: AG | Q11: AG | R11: Receber | S11: Grafitar | T11: Torno | U11: Solda | AA11: AG. PEÇA CLIENTE
A12: 1027 | B12: - | C12: Água Bonita | D12: 6821 | E12: Camisa | F12: 1 | G12: 1700 | H12: Dren. | I12: Saí | J12: 5º | K12: Nova | L12: 18 | M12: 46233 | N12: 46206 | O12: 46406 | P12: OK | Q12: OK | R12: Torno | S12: Coletor | T12: Radial | U12: Boquilha | V12: Montagem | W12: Acab. | X12: Solda | Y12: Broq. | Z12: Encam. | AA12: EM USINAGEM | AB12: US. BOQUILHAS - PED. 26491 - HTEC - PRAZO 07/08
A13: 1027 | B13: - | C13: Água Bonita | D13: - | E13: Camisa | F13: 1 | G13: 1700 | H13: Conv. | I13: RP | J13: 4º | K13: Embuch | L13: RP4 | M13: - | N13: - | O13: 46424 | P13: AG | Q13: AG | R13: Grafitar | S13: Torno | T13: Solda | AA13: AG. PEÇA CLIENTE | AB13: USAR CAMISA AN21
A14: 1027 | B14: - | C14: Água Bonita | D14: 6010 | E14: Camisa | F14: 1 | G14: 84" | H14: Dren. | I14: Sup | J14: 1º | K14: Nova | L14: 84(01) | M14: 46233 | N14: 46225 | O14: 46426 | P14: OK | Q14: OK | R14: Torno | S14: Coletor | T14: Radial | U14: Boquilha | V14: Montagem | W14: Acab. | X14: Solda | Y14: Broq. | Z14: Encam. | AA14: EM USINAGEM | AB14: US. BOQUILHAS - PED. 26505 - FERRARI - 15/08 (MULTI FUROS)
A15: 1027 | B15: - | C15: Água Bonita | D15: - | E15: Camisa | F15: 1 | G15: 1700 | H15: Dren. | I15: Sup | J15: 2º | K15: Refrisar | L15: 24 | M15: - | N15: - | O15: 46427 | P15: AG | Q15: AG | R15: Receber | S15: Grafitar | T15: Torno | U15: Solda | AA15: AG. PEÇA CLIENTE
A16: 1027 | B16: - | C16: Água Bonita | D16: 6824 | E16: Camisa | F16: 1 | G16: 1700 | H16: Dren. | I16: Sup | J16: 3º | K16: Nova | L16: 14 | M16: 46233 | N16: 46206 | O16: 46428 | P16: OK | Q16: OK | R16: Torno | S16: Coletor | T16: Radial | U16: Boquilha | V16: Montagem | W16: Acab. | X16: Solda | Y16: Broq. | Z16: Encam. | AA16: EM USINAGEM | AB16: US. BOQUILHAS - PED. 26491 - HTEC - PRAZO 07/08
A17: 1027 | B17: - | C17: Água Bonita | D17: - | E17: Camisa | F17: 1 | G17: 1700 | H17: Dren. | I17: Sup | J17: 4º | K17: Refrisar | L17: 15 | M17: - | N17: - | O17: 46430 | P17: AG | Q17: AG | R17: Receber | S17: Grafitar | T17: Torno | U17: Solda | AA17: AG. PEÇA CLIENTE
A18: 1027 | B18: - | C18: Água Bonita | D18: - | E18: Camisa | F18: 1 | G18: 1700 | H18: Dren. | I18: Sup | J18: 5º | K18: Refrisar | L18: 16 | M18: - | N18: - | O18: 46431 | P18: AG | Q18: AG | R18: Receber | S18: Grafitar | T18: Torno | U18: Solda | AA18: AG. PEÇA CLIENTE
A19: 1005 | B19: - | C19: Cafealcool | D19: - | E19: Camisa | F19: 1 | G19: 48" | H19: Conv. | I19: Ent. | J19: 1º | K19: Refrisar | L19: 31 | M19: - | N19: - | O19: 46122 | P19: OK | Q19: OK | R19: Receber | S19: Grafitar | T19: Torno | U19: Solda | AA19: CONCLUÍDO | AB19: AG. SERVIÇO EM EIXO
A20: 1005 | B20: - | C20: Cafealcool | D20: - | E20: Camisa | F20: 1 | G20: 48" | H20: Conv. | I20: Ent. | J20: 2º | K20: Refrisar | L20: 32 | M20: - | N20: - | O20: 46122 | P20: OK | Q20: OK | R20: Receber | S20: Grafitar | T20: Torno | U20: Solda | AA20: CONCLUÍDO | AB20: AG. SERVIÇO EM EIXO
A21: 1005 | B21: - | C21: Cafealcool | D21: - | E21: Camisa | F21: 1 | G21: 48" | H21: Conv. | I21: Sup | J21: 2º | K21: Refrisar | L21: 17 | M21: - | N21: - | O21: 46122 | P21: OK | Q21: OK | R21: Receber | S21: Grafitar | T21: Torno | U21: Solda | AA21: CONCLUÍDO | AB21: AG. SERVIÇO EM EIXO
A22: 1005 | B22: - | C22: Cafealcool | D22: - | E22: Camisa | F22: 1 | G22: 48" | H22: Conv. | I22: Sai | J22: 2º | K22: Refrisar | L22: 7 | M22: - | N22: - | O22: 46122 | P22: OK | Q22: OK | R22: Receber | S22: Grafitar | T22: Torno | U22: Solda | AA22: CONCLUÍDO | AB22: AG. SERVIÇO EM EIXO
A23: 1005 | B23: - | C23: Cafealcool | D23: - | E23: Camisa | F23: 1 | G23: 48" | H23: Conv. | I23: Ent. | J23: 3º | K23: Refrisar | L23: 21 | M23: - | N23: - | O23: 46122 | P23: OK | Q23: OK | R23: Receber | S23: Grafitar | T23: Torno | U23: Solda | AA23: CONCLUÍDO | AB23: AG. SERVIÇO EM EIXO
A24: 1005 | B24: - | C24: Cafealcool | D24: - | E24: Camisa | F24: 1 | G24: 48" | H24: Conv. | I24: Sai | J24: 3º | K24: Refrisar | L24: 4 | M24: - | N24: - | O24: 46122 | P24: OK | Q24: OK | R24: Receber | S24: Grafitar | T24: Torno | U24: Solda | AA24: CONCLUÍDO | AB24: AG. SERVIÇO EM EIXO
A25: 1005 | B25: - | C25: Cafealcool | D25: - | E25: Camisa | F25: 1 | G25: 48" | H25: Conv. | I25: Ent. | J25: 4º | K25: Refrisar | L25: 5 | M25: - | N25: - | O25: 46122 | P25: OK | Q25: OK | R25: Receber | S25: Grafitar | T25: Torno | U25: Solda | AA25: CONCLUÍDO | AB25: AG. SERVIÇO EM EIXO
A26: 1005 | B26: - | C26: Cafealcool | D26: - | E26: Camisa | F26: 1 | G26: 48" | H26: Conv. | I26: Sup | J26: 4º | K26: Refrisar | L26: 33 | M26: - | N26: - | O26: 46122 | P26: OK | Q26: OK | R26: Receber | S26: Grafitar | T26: Torno | U26: Solda | AA26: CONCLUÍDO | AB26: AG. SERVIÇO EM EIXO
A27: 1005 | B27: - | C27: Cafealcool | D27: - | E27: Camisa | F27: 1 | G27: 48" | H27: Conv. | I27: Ent. | J27: 5º | K27: Refrisar | L27: 13 | M27: - | N27: - | O27: 46122 | P27: OK | Q27: OK | R27: Receber | S27: Grafitar | T27: Torno | U27: Solda | AA27: CONCLUÍDO | AB27: AG. SERVIÇO EM EIXO
A28: 1005 | B28: - | C28: Cafealcool | D28: - | E28: Camisa | F28: 1 | G28: 48" | H28: Conv. | I28: Sup | J28: 5º | K28: Refrisar | L28: 30 | M28: - | N28: - | O28: 46122 | P28: OK | Q28: OK | R28: Receber | S28: Grafitar | T28: Torno | U28: Solda | AA28: CONCLUÍDO | AB28: AG. SERVIÇO EM EIXO
A29: 1005 | B29: - | C29: Cafealcool | D29: - | E29: Camisa | F29: 1 | G29: 48" | H29: Conv. | I29: Sai | J29: 5º | K29: Refrisar | L29: 23 | M29: - | N29: - | O29: 46122 | P29: OK | Q29: OK | R29: Receber | S29: Grafitar | T29: Torno | U29: Solda | AA29: EXPEDIDO
A30: 2077 | B30: - | C30: Raizen Barra | D30: 6728 | E30: Camisa | F30: 1 | G30: 84" | H30: Conv. | I30: - | J30: - | K30: Nova | L30: 6032 | M30: 46054 | N30: 46054 | O30: 46090 | P30: OK | Q30: OK | R30: Torno | S30: Radial | T30: Broq. | U30: Encam. | AA30: EXPEDIDO
A31: 2077 | B31: - | C31: Raizen Barra | D31: 6727 | E31: Camisa | F31: 1 | G31: 84" | H31: Dren. | I31: - | J31: - | K31: Nova | L31: 6040 | M31: 46054 | N31: 46054 | O31: 46192 | P31: OK | Q31: OK | R31: Torno | S31: Coletor | T31: Radial | U31: Boquilha | V31: Montagem | W31: Acab. | X31: Broq. | Y31: Encam. | AA31: AG. COLETAR
A32: 1386 | B32: - | C32: Raizen Barra | D32: 6169 | E32: Camisa | F32: 1 | G32: 84" | H32: Conv. | I32: - | J32: - | K32: Nova | L32: 6075 | M32: 46054 | N32: 46054 | P32: OK | Q32: OK | R32: Torno | S32: Radial | T32: Broq. | U32: Encam. | AA32: CONCLUÍDO | AB32: AG. EIXO CLIENTE
A33: 2078 | B33: - | C33: Raizen Bonfim | D33: 6741 | E33: Camisa | F33: 1 | G33: 78" | H33: Conv. | I33: - | J33: - | K33: Nova | L33: 123 | M33: 46054 | N33: 46054 | O33: 46090 | P33: OK | Q33: OK | R33: Torno | S33: Radial | T33: Broq. | U33: Encam. | AA33: EXPEDIDO
A34: 2078 | B34: - | C34: Raizen Bonfim | D34: 6734 | E34: Camisa | F34: 1 | G34: 78" | H34: Conv. | I34: - | J34: - | K34: Nova | L34: 6734 | M34: 46054 | N34: 46054 | O34: 46090 | P34: OK | Q34: OK | R34: Torno | S34: Radial | T34: Broq. | U34: Encam. | AA34: EXPEDIDO
A35: 2078 | B35: - | C35: Raizen Bonfim | D35: 6737 | E35: Camisa | F35: 1 | G35: 78" | H35: Conv. | I35: - | J35: - | K35: Nova | L35: 173 | M35: 46054 | N35: 46054 | O35: 46090 | P35: OK | Q35: OK | R35: Torno | S35: Radial | T35: Broq. | U35: Encam. | AA35: EXPEDIDO
A36: 2078 | B36: - | C36: Raizen Bonfim | D36: 6742 | E36: Camisa | F36: 1 | G36: 78" | H36: Dren. | I36: - | J36: - | K36: Nova | L36: 181 | M36: 46054 | N36: 46054 | O36: 46127 | P36: OK | Q36: OK | R36: Torno | S36: Coletor | T36: Radial | U36: Boquilha | V36: Montagem | W36: Acab. | X36: Broq. | Y36: Encam. | AA36: AG. COLETAR
A37: 2078 | B37: - | C37: Raizen Bonfim | D37: 6743 | E37: Camisa | F37: 1 | G37: 78" | H37: Dren. | I37: - | J37: - | K37: Nova | L37: 187 | M37: 46054 | N37: 46054 | O37: 46185 | P37: OK | Q37: OK | R37: Torno | S37: Coletor | T37: Radial | U37: Boquilha | V37: Montagem | W37: Acab. | X37: Broq. | Y37: Encam. | AA37: AG. COLETAR
A38: 2078 | B38: - | C38: Raizen Bonfim | D38: 6736 | E38: Camisa | F38: 1 | G38: 78" | H38: Conv. | I38: - | J38: - | K38: Nova | L38: 199 | M38: 46054 | N38: 46054 | O38: 46090 | P38: OK | Q38: OK | R38: Torno | S38: Radial | T38: Broq. | U38: Encam. | AA38: EXPEDIDO
A39: 2078 | B39: - | C39: Raizen Bonfim | D39: 6735 | E39: Camisa | F39: 1 | G39: 78" | H39: Conv. | I39: - | J39: - | K39: Nova | L39: 200 | M39: 46054 | N39: 46054 | O39: 46090 | P39: OK | Q39: OK | R39: Torno | S39: Radial | T39: Broq. | U39: Encam. | AA39: EXPEDIDO
A40: 2078 | B40: - | C40: Raizen Bonfim | D40: 6740 | E40: Camisa | F40: 1 | G40: 78" | H40: Conv. | I40: - | J40: - | K40: Nova | L40: 201 | M40: 46054 | N40: 46054 | O40: 46090 | P40: OK | Q40: OK | R40: Torno | S40: Radial | T40: Broq. | U40: Encam. | AA40: EXPEDIDO
A41: 2078 | B41: - | C41: Raizen Bonfim | D41: 6738 | E41: Camisa | F41: 1 | G41: 78" | H41: Conv. | I41: - | J41: - | K41: Nova | L41: IPA41 | M41: 46054 | N41: 46054 | O41: 46090 | P41: OK | Q41: OK | R41: Torno | S41: Radial | T41: Broq. | U41: Encam. | AA41: EXPEDIDO
A42: 2078 | B42: - | C42: Raizen Bonfim | D42: 6744 | E42: Camisa | F42: 1 | G42: 78" | H42: Dren. | I42: - | J42: - | K42: Nova | L42: PSO121 | M42: 46054 | N42: 46054 | O42: 46127 | P42: OK | Q42: OK | R42: Torno | S42: Coletor | T42: Radial | U42: Boquilha | V42: Montagem | W42: Acab. | X42: Broq. | Y42: Encam. | AA42: EXPEDIDO
A43: 2078 | B43: - | C43: Raizen Bonfim | D43: 6739 | E43: Camisa | F43: 1 | G43: 78" | H43: Conv. | I43: - | J43: - | K43: Nova | L43: SH43 | M43: 46054 | N43: 46054 | O43: 46090 | P43: OK | Q43: OK | R43: Torno | S43: Radial | T43: Broq. | U43: Encam. | AA43: EXPEDIDO
A44: 2099 | B44: - | C44: Raizen Ipaussu | D44: 6745 | E44: Camisa | F44: 1 | G44: 78" | H44: Dren. | I44: - | J44: - | K44: Nova | O44: 46127 | P44: OK | Q44: OK | R44: Torno | S44: Coletor | T44: Radial | U44: Boquilha | V44: Montagem | W44: Acab. | X44: Broq. | Y44: Encam. | AA44: CONCLUÍDO | AB44: AG. EIXO
A45: 2097 | B45: - | C45: Raizen Jatai | D45: 6788 | E45: Camisa | F45: 1 | G45: 90" | H45: Dren. | I45: - | J45: - | K45: Nova | L45: 3G | M45: 46054 | N45: 46054 | O45: 46127 | P45: OK | Q45: OK | R45: Torno | S45: Coletor | T45: Radial | U45: Boquilha | V45: Montagem | W45: Acab. | X45: Broq. | Y45: Encam. | AA45: AG. COLETAR
A46: 2088 | B46: - | C46: Raizen Junqueira | D46: 6774 | E46: Camisa | F46: 1 | G46: 84" | H46: Conv. | I46: - | J46: - | K46: Nova | L46: 62 | M46: 46054 | N46: 46054 | O46: 46132 | P46: OK | Q46: OK | R46: Torno | S46: Coletor | T46: Radial | U46: Boquilha | V46: Montagem | W46: Acab. | X46: Broq. | Y46: Encam. | AA46: CONCLUÍDO
A47: 2088 | B47: - | C47: Raizen Junqueira | D47: 6772 | E47: Camisa | F47: 1 | G47: 84" | H47: Conv. | I47: - | J47: - | K47: Nova | L47: 111F | M47: 46054 | N47: 46054 | O47: 46132 | P47: OK | Q47: OK | R47: Torno | S47: Coletor | T47: Radial | U47: Boquilha | V47: Montagem | W47: Acab. | X47: Broq. | Y47: Encam. | AA47: CONCLUÍDO
A48: 2088 | B48: - | C48: Raizen Junqueira | D48: 6778 | E48: Camisa | F48: 1 | G48: 2200 | H48: Conv. | I48: - | J48: - | K48: Nova | L48: 45S | M48: 46054 | N48: 46054 | O48: 46132 | P48: OK | Q48: OK | R48: Torno | S48: Coletor | T48: Radial | U48: Boquilha | V48: Montagem | W48: Acab. | X48: Broq. | Y48: Encam. | AA48: CONCLUÍDO
A49: 974 | B49: - | C49: Raizen Junqueira | D49: - | E49: Camisa | F49: 1 | G49: 84" | H49: Conv. | I49: - | J49: - | K49: Refrisar | L49: - | M49: - | N49: - | O49: 46388 | P49: OK | Q49: OK | R49: Receber | S49: Grafitar | T49: Torno | AA49: AG. Ø CLIENTE | AB49: AG. Ø CLIENTE
A50: 1006 | B50: - | C50: Raizen Mundial | D50: - | E50: Camisa | F50: 1 | G50: 54" | H50: Conv. | I50: - | J50: - | K50: Refrisar | L50: 18 | M50: - | N50: - | O50: 46191 | P50: OK | Q50: OK | R50: Receber | S50: Grafitar | T50: Torno | AA50: AG. COLETAR
A51: 1006 | B51: - | C51: Raizen Mundial | D51: - | E51: Camisa | F51: 1 | G51: 66" | H51: Conv. | I51: - | J51: - | K51: Refrisar | L51: 31A | M51: - | N51: - | O51: 46191 | P51: OK | Q51: OK | R51: Receber | S51: Grafitar | T51: Torno | AA51: AG. COLETAR
A52: 2098 | B52: - | C52: Raizen Paralcool | D52: 6746 | E52: Camisa | F52: 1 | G52: 66" | H52: Dren. | I52: - | J52: - | K52: Nova | O52: 46127 | P52: OK | Q52: OK | R52: Torno | S52: Coletor | T52: Radial | U52: Boquilha | V52: Montagem | W52: Acab. | X52: Broq. | Y52: Encam. | AA52: CONCLUÍDO | AB52: AG. EIXO
A53: 2080 | B53: - | C53: Raizen S. Francisco | D53: 6726 | E53: Camisa | F53: 1 | G53: 66" | H53: Dren. | I53: - | J53: - | K53: Nova | L53: 33 | M53: 46082 | N53: 46082 | O53: 46195 | P53: OK | Q53: OK | R53: Torno | S53: Coletor | T53: Radial | U53: Boquilha | V53: Montagem | W53: Acab. | X53: Broq. | Y53: Encam. | AA53: AG. COLETAR
A54: 2080 | B54: - | C54: Raizen S. Francisco | D54: 6725 | E54: Camisa | F54: 1 | G54: 66" | H54: Dren. | I54: - | J54: - | K54: Nova | L54: 44 | M54: 46082 | N54: 46082 | O54: 46101 | P54: OK | Q54: OK | R54: Torno | S54: Coletor | T54: Radial | U54: Boquilha | V54: Montagem | W54: Acab. | X54: Broq. | Y54: Encam. | AA54: AG. COLETAR
A55: 2096 | B55: - | C55: Raizen Serra | D55: 6751 | E55: Camisa | F55: 1 | G55: 66" | H55: Dren. | I55: - | J55: - | K55: Nova | O55: 46127 | P55: OK | Q55: OK | R55: Torno | S55: Coletor | T55: Radial | U55: Boquilha | V55: Montagem | W55: Acab. | X55: Broq. | Y55: Encam. | AA55: CONCLUÍDO | AB55: AG. EIXO
A56: 2096 | B56: - | C56: Raizen Serra | D56: 6749 | E56: Camisa | F56: 1 | G56: 66" | H56: Dren. | I56: - | J56: - | K56: Nova | O56: 46127 | P56: OK | Q56: OK | R56: Torno | S56: Coletor | T56: Radial | U56: Boquilha | V56: Montagem | W56: Acab. | X56: Broq. | Y56: Encam. | AA56: CONCLUÍDO | AB56: AG. EIXO
A57: 2096 | B57: - | C57: Raizen Serra | D57: 6750 | E57: Camisa | F57: 1 | G57: 66" | H57: Dren. | I57: - | J57: - | K57: Nova | O57: 46127 | P57: OK | Q57: OK | R57: Torno | S57: Coletor | T57: Radial | U57: Boquilha | V57: Montagem | W57: Acab. | X57: Broq. | Y57: Encam. | AA57: CONCLUÍDO | AB57: AG. EIXO
A58: 967/31 | B58: - | C58: Raizen Serra | D58: - | E58: Camisa | F58: 1 | G58: 66" | H58: Conv. | I58: - | J58: - | K58: Nova | O58: 46101 | P58: OK | Q58: OK | R58: Torno | S58: Radial | T58: Broq. | U58: Encam. | AA58: CONCLUÍDO | AB58: AG. EIXO
A59: 2087/2 | B59: - | C59: Raizen Sta Candida | D59: 6731 | E59: Camisa | F59: 1 | G59: 2000 | H59: Dren. | I59: - | J59: - | K59: Nova | O59: 46101 | P59: OK | Q59: OK | R59: Torno | S59: Coletor | T59: Radial | U59: Boquilha | V59: Montagem | W59: Acab. | X59: Broq. | Y59: Encam. | AA59: CONCLUÍDO | AB59: AG. EIXO
A60: 2087/1 | B60: - | C60: Raizen Sta Candida | D60: 6732 | E60: Camisa | F60: 1 | G60: 2000 | H60: Conv. | I60: - | J60: - | K60: Nova | O60: 46101 | P60: OK | Q60: OK | R60: Torno | S60: Radial | T60: Broq. | U60: Encam. | AA60: CONCLUÍDO | AB60: AG. EIXO
A61: 2082/3 | B61: - | C61: Raizen Taruma | D61: 6775 | E61: Camisa | F61: 1 | G61: 78" | H61: Dren. | I61: - | J61: - | K61: Nova | O61: 46101 | P61: OK | Q61: OK | R61: Torno | S61: Coletor | T61: Radial | U61: Boquilha | V61: Montagem | W61: Acab. | X61: Broq. | Y61: Encam. | AA61: CONCLUÍDO | AB61: AG. EIXO
A62: 2082/1 | B62: - | C62: Raizen Taruma | D62: 6767 | E62: Camisa | F62: 1 | G62: 78" | H62: RP | I62: - | J62: - | K62: Nova | O62: 46101 | P62: OK | Q62: OK | R62: Torno | S62: Broq. | T62: Encam. | AA62: CONCLUÍDO | AB62: AG. EIXO
A63: 2082/2 | B63: - | C63: Raizen Taruma | D63: 6768 | E63: Camisa | F63: 1 | G63: 78" | H63: Dren. | I63: - | J63: - | K63: Nova | O63: 46101 | P63: OK | Q63: OK | R63: Torno | S63: Coletor | T63: Radial | U63: Boquilha | V63: Montagem | W63: Acab. | X63: Broq. | Y63: Encam. | AA63: CONCLUÍDO | AB63: AG. EIXO
A64: 2081/2 | B64: - | C64: Raizen Univalem | D64: 6763 | E64: Camisa | F64: 1 | G64: 66" | H64: Dren. | I64: - | J64: - | K64: Nova | L64: 47D | M64: 46054 | N64: 46054 | O64: 46101 | P64: OK | Q64: OK | R64: Torno | S64: Coletor | T64: Radial | U64: Boquilha | V64: Montagem | W64: Acab. | X64: Broq. | Y64: Encam. | AA64: EXPEDIDO
A65: 2081/1 | B65: - | C65: Raizen Univalem | D65: 6729 | E65: Camisa | F65: 1 | G65: 60" | H65: RP | I65: - | J65: - | K65: Nova | L65: DEP5 | M65: 46054 | N65: 46054 | O65: 46264 | P65: OK | Q65: OK | R65: Torno | S65: Broq. | T65: Encam. | AA65: AG. USINAGEM | AB65: AG. EIXO
A66: 2079/1 | B66: - | C66: Raizen Vale | D66: 6733 | E66: Camisa | F66: 1 | G66: 72" | H66: RP | I66: - | J66: - | K66: Nova | L66: - | M66: 46054 | N66: 46054 | O66: 46264 | P66: OK | Q66: OK | R66: Torno | S66: Broq. | T66: Encam. | AA66: AG. USINAGEM | AB66: AG. EIXO
A67: 2079/2 | B67: - | C67: Raizen Vale | D67: 6779 | E67: Camisa | F67: 1 | G67: 2100 | H67: Dren. | I67: - | J67: - | K67: Nova | O67: 46090 | P67: OK | Q67: OK | R67: Torno | S67: Coletor | T67: Radial | U67: Boquilha | V67: Montagem | W67: Acab. | X67: Broq. | Y67: Encam. | AA67: CONCLUÍDO | AB67: AG. EIXO
A68: 2083/8 | B68: - | C68: Raizen Zanin | D68: 6759 | E68: Camisa | F68: 1 | G68: 66" | H68: Dren. | I68: - | J68: - | K68: Nova | L68: 22 | M68: 46054 | N68: 46054 | O68: 46101 | P68: OK | Q68: OK | R68: Torno | S68: Coletor | T68: Radial | U68: Boquilha | V68: Montagem | W68: Acab. | X68: Broq. | Y68: Encam. | AA68: CONCLUÍDO
A69: 2083/3 | B69: - | C69: Raizen Zanin | D69: 6754 | E69: Camisa | F69: 1 | G69: 66" | H69: Dren. | I69: - | J69: - | K69: Nova | L69: 24 | M69: 46054 | N69: 46054 | O69: 46101 | P69: OK | Q69: OK | R69: Torno | S69: Coletor | T69: Radial | U69: Boquilha | V69: Montagem | W69: Acab. | X69: Broq. | Y69: Encam. | AA69: CONCLUÍDO
A70: 2083/9 | B70: - | C70: Raizen Zanin | D70: 6760 | E70: Camisa | F70: 1 | G70: 66" | H70: Dren. | I70: - | J70: - | K70: Nova | L70: 25 | M70: 46054 | N70: 46054 | O70: 46101 | P70: OK | Q70: OK | R70: Torno | S70: Coletor | T70: Radial | U70: Boquilha | V70: Montagem | W70: Acab. | X70: Broq. | Y70: Encam. | AA70: CONCLUÍDO
A71: 2083/4 | B71: - | C71: Raizen Zanin | D71: 6755 | E71: Camisa | F71: 1 | G71: 66" | H71: Dren. | I71: - | J71: - | K71: Nova | L71: 30 | M71: 46054 | N71: 46054 | O71: 46101 | P71: OK | Q71: OK | R71: Torno | S71: Coletor | T71: Radial | U71: Boquilha | V71: Montagem | W71: Acab. | X71: Broq. | Y71: Encam. | AA71: CONCLUÍDO
A72: 2083/7 | B72: - | C72: Raizen Zanin | D72: 6758 | E72: Camisa | F72: 1 | G72: 66" | H72: Dren. | I72: - | J72: - | K72: Nova | L72: 32 | M72: 46054 | N72: 46054 | O72: 46101 | P72: OK | Q72: OK | R72: Torno | S72: Coletor | T72: Radial | U72: Boquilha | V72: Montagem | W72: Acab. | X72: Broq. | Y72: Encam. | AA72: CONCLUÍDO
A73: 2083/6 | B73: - | C73: Raizen Zanin | D73: 6757 | E73: Camisa | F73: 1 | G73: 66" | H73: Dren. | I73: - | J73: - | K73: Nova | L73: 46 | M73: 46054 | N73: 46054 | O73: 46101 | P73: OK | Q73: OK | R73: Torno | S73: Coletor | T73: Radial | U73: Boquilha | V73: Montagem | W73: Acab. | X73: Broq. | Y73: Encam. | AA73: CONCLUÍDO
A74: 2083/2 | B74: - | C74: Raizen Zanin | D74: 6753 | E74: Camisa | F74: 1 | G74: 78" | H74: Dren. | I74: - | J74: - | K74: Nova | L74: 34D | M74: 46054 | N74: 46054 | O74: 46101 | P74: OK | Q74: OK | R74: Torno | S74: Coletor | T74: Radial | U74: Boquilha | V74: Montagem | W74: Acab. | X74: Broq. | Y74: Encam. | AA74: CONCLUÍDO
A75: 2083/5 | B75: - | C75: Raizen Zanin | D75: 6756 | E75: Camisa | F75: 1 | G75: 78" | H75: Dren. | I75: - | J75: - | K75: Nova | L75: D08 | M75: 46054 | N75: 46054 | O75: 46101 | P75: OK | Q75: OK | R75: Torno | S75: Coletor | T75: Radial | U75: Boquilha | V75: Montagem | W75: Acab. | X75: Broq. | Y75: Encam. | AA75: CONCLUÍDO
A76: 1025/2 | B76: - | C76: Raizen Zanin | D76: Embuch | E76: Camisa | F76: 1 | G76: 78" | H76: RP | I76: - | J76: - | K76: Nova | L76: P10 | M76: 46054 | N76: 46054 | O76: 46264 | P76: OK | Q76: OK | R76: Torno | S76: Broq. | T76: Encam. | AA76: AG. USINAGEM | AB76: AG. EIXO CLIENTE
A77: 2083/1 | B77: - | C77: Raizen Zanin | D77: 6730 | E77: Camisa | F77: 1 | G77: 66" | H77: Dren. | I77: - | J77: - | K77: Nova | L77: P8 | M77: 46054 | N77: 46054 | O77: 46101 | P77: OK | Q77: OK | R77: Torno | S77: Coletor | T77: Radial | U77: Boquilha | V77: Montagem | W77: Acab. | X77: Broq. | Y77: Encam. | AA77: CONCLUÍDO
A78: 1020 | B78: - | C78: Atvos Santa Luzia | E78: Camisa | F78: 1 | G78: 100" | H78: Conv. | I78: Ent. | J78: 1º | K78: Refrisar | L78: 121 | M78: - | N78: - | O78: 46400 | P78: AG | Q78: AG | R78: Receber | S78: Grafitar | T78: Torno | U78: Solda | AA78: AG. PEÇA CLIENTE
A79: 1020 | B79: - | C79: Atvos Santa Luzia | E79: Camisa | F79: 1 | G79: 100" | H79: Conv. | I79: Saí | J79: 1º | K79: Refrisar | L79: 103 | M79: - | N79: - | O79: 46402 | P79: AG | Q79: AG | R79: Receber | S79: Grafitar | T79: Torno | U79: Solda | AA79: AG. PEÇA CLIENTE
A80: 1020 | B80: - | C80: Atvos Santa Luzia | E80: Camisa | F80: 1 | G80: 90" | H80: Conv. | I80: Ent. | J80: 2º | K80: Refrisar | L80: 128 | M80: - | N80: - | O80: 46402 | P80: AG | Q80: AG | R80: Receber | S80: Grafitar | T80: Torno | U80: Solda | AA80: AG. PEÇA CLIENTE
A81: 1020 | B81: - | C81: Atvos Santa Luzia | E81: Camisa | F81: 1 | G81: 90" | H81: Conv. | I81: Saí | J81: 2º | K81: Refrisar | L81: 127 | M81: - | N81: - | O81: 46400 | P81: AG | Q81: AG | R81: Receber | S81: Grafitar | T81: Torno | U81: Solda | AA81: AG. PEÇA CLIENTE
A82: 1020 | B82: - | C82: Atvos Santa Luzia | E82: Camisa | F82: 1 | G82: 90" | H82: Dren. | I82: Sup | J82: 2º | K82: Nova | L82: 131/24 | O82: 46329 | P82: AG | Q82: AG | R82: Torno | S82: Coletor | T82: Radial | U82: Boquilha | V82: Montagem | W82: Acab. | X82: Broq. | Y82: Encam. | AA82: AG. FUNDIDO
A83: 1020 | B83: - | C83: Atvos Santa Luzia | E83: Camisa | F83: 1 | G83: 90" | H83: Conv. | I83: Ent. | J83: 3º | K83: Refrisar | L83: 125 | M83: - | N83: - | O83: 46401 | P83: AG | Q83: AG | R83: Receber | S83: Grafitar | T83: Torno | U83: Solda | AA83: AG. PEÇA CLIENTE
A84: 1020 | B84: - | C84: Atvos Santa Luzia | E84: Camisa | F84: 1 | G84: 90" | H84: Conv. | I84: Saí | J84: 3º | K84: Refrisar | L84: 135/26 | M84: - | N84: - | O84: 46408 | P84: AG | Q84: AG | R84: Receber | S84: Grafitar | T84: Torno | U84: Solda | AA84: AG. PEÇA CLIENTE
A85: 2263 | B85: - | C85: Atvos Santa Luzia | D85: 6814 | E85: Camisa | F85: 1 | G85: 90" | H85: Conv. | I85: Sup | J85: 3º | K85: Nova | L85: 119 | O85: 46233 | P85: OK | Q85: OK | R85: Torno | S85: Radial | T85: Solda | U85: Broq. | V85: Encam. | AA85: EM USINAGEM | AB85: AG. EIXO CLIENTE
A86: 1020 | B86: - | C86: Atvos Santa Luzia | E86: Camisa | F86: 1 | G86: 90" | H86: Conv. | I86: Ent. | J86: 4º | K86: Refrisar | L86: 110 | M86: - | N86: - | O86: 46409 | P86: AG | Q86: AG | R86: Receber | S86: Grafitar | T86: Torno | U86: Solda | AA86: AG. PEÇA CLIENTE
A87: 1020 | B87: - | C87: Atvos Santa Luzia | E87: Camisa | F87: 1 | G87: 90" | H87: Conv. | I87: Saí | J87: 4º | K87: Refrisar | L87: 111 | M87: - | N87: - | O87: 46713 | P87: AG | Q87: AG | R87: Receber | S87: Grafitar | T87: Torno | U87: Solda | AA87: AG. PEÇA CLIENTE
A88: 2263 | B88: - | C88: Atvos Santa Luzia | D88: 6815 | E88: Camisa | F88: 1 | G88: 90" | H88: Conv. | I88: Sup | J88: 4º | K88: Nova | L88: 109 | O88: 46233 | P88: OK | Q88: OK | R88: Torno | S88: Radial | T88: Solda | U88: Broq. | V88: Encam. | AA88: EM USINAGEM | AB88: AG. EIXO CLIENTE
A89: 1020 | B89: - | C89: Atvos Santa Luzia | E89: Camisa | F89: 1 | G89: 90" | H89: Conv. | I89: Ent. | J89: 5º | K89: Refrisar | L89: 115 | M89: - | N89: - | O89: 46412 | P89: AG | Q89: AG | R89: Receber | S89: Grafitar | T89: Torno | U89: Solda | AA89: AG. PEÇA CLIENTE
A90: 1020 | B90: - | C90: Atvos Santa Luzia | E90: Camisa | F90: 1 | G90: 90" | H90: Conv. | I90: Saí | J90: 5º | K90: Refrisar | L90: 132/25 | M90: - | N90: - | O90: 46413 | P90: AG | Q90: AG | R90: Receber | S90: Grafitar | T90: Torno | U90: Solda | AA90: AG. PEÇA CLIENTE
A91: 2263 | B91: - | C91: Atvos Santa Luzia | D91: 6816 | E91: Camisa | F91: 1 | G91: 90" | H91: Conv. | I91: Sup | J91: 5º | K91: Nova | L91: 114 | O91: 46233 | P91: OK | Q91: OK | R91: Torno | S91: Radial | T91: Solda | U91: Broq. | V91: Encam. | AA91: EM USINAGEM | AB91: AG. EIXO CLIENTE
